Bus_ID,Longitude,Latitude
422437_17_166237_348,-76.74038108091446,39.16394683914629
31007102513,-76.74401408322383,39.161507836366816
420532_809_163855_896,-76.76248808088779,39.14254183191488
31109102014_37293748,-76.77566409287591,39.14946183542664
31109102523,-76.77599008501906,39.15095283343695
31108302028,-76.76081408965923,39.14216783356571
30908202509,-76.75124108594059,39.17868283689578
31108202020,-76.75095708102634,39.15231483387816
31108202022,-76.75171108651338,39.15136182983526
31108302501,-76.76339009002518,39.14274882930742
31109102512,-76.77766408580483,39.15191082968496
31007302069,-76.7465940756519,39.15871983467047
422537_995_167276_625,-76.7391800809113,39.17330584042548
31109402502,-76.76761708832574,39.14406482858846
31007102010,-76.73965608397035,39.16657183727384
422529_227_166443_654,-76.73930907581372,39.165802839185226
422459_418_166376_291,-76.7401190733132,39.165197839784064
SOURCE_7732-1,-76.08962688261629,39.360486895126265
420952_804_164009_2,-76.75762508648911,39.14391282831786
31109103066,-76.08962788131424,39.36039289773129
31109102002,-76.77787709405239,39.15251483429533
31007102014,-76.74083108213723,39.16331783274034
420571_826_163845_007,-76.76203708057884,39.14244283007205
421861_122_165564_535,-76.74706808273397,39.157900834168935
420930_291_163925_214,-76.75788808694494,39.14315683280862
422549_348_167023_21,-76.73905708120733,39.17102284094703
419661_63_164388_544,-76.77255008437686,39.14735983170934
31109202012,-76.76829508827147,39.14882083281567
31109102509,-76.77670508573601,39.15055683203533
421892_563_165633_895,-76.74670208427678,39.15852483112421
30907302506,-76.73908207429416,39.17171383529901
421282_182_164549_5,-76.75379808213336,39.148771828544106
422533_887_167353_436,-76.73922508148516,39.17399784266117
30908202512,-76.74958108394229,39.17911584228331
420205_399_163967_73,-76.76627208018549,39.14355682872845
422278_191_166039_735,-76.74222707785819,39.16217083802002
421711_098_165180_565,-76.74881608148493,39.154445831893895
31108202503,-76.75330707682141,39.14938182970444
31109202505,-76.77418209229342,39.148454834546925
420821_527_164159_055,-76.75913908696997,39.14526582979383
420928_664_163724_052,-76.75791307820353,39.14134483311908
422429_242_167110_902,-76.74044407650203,39.17181583587139
30907102019,-76.74173508293337,39.17711184275078
31108102506,-76.75815908149212,39.146339834393245
421547_552_167747_67,-76.75062708311529,39.17757383911282
420713_883_163803_97,-76.76039508635176,39.142069827490886
31007102018,-76.74056207800574,39.16399683708449
421600_142_167854_055,-76.75001507770789,39.1785308352713
30808402002,-76.75405608772418,39.18318584308934
420918_277_164087_374,-76.7580220877805,39.14461783325499
419215_451_164903_662,-76.77769709512873,39.15200983497649
421816_696_165439_965,-76.74758607586705,39.15677983771781
420947_884_164038_939,-76.75768108646584,39.14418083051092
421078_884_164447_488,-76.7561530871308,39.14785783575376
422118_989_167736_929,-76.74401408604965,39.17746283918387
419329_348_164703_337,-76.77638509396235,39.15020283334291
30808402501,-76.7534780820835,39.18268283974054
422475_023_167511_353,-76.73990108411691,39.175421836431696
419950_58_164400_26,-76.76920708910666,39.14745883499941
421217_53_164740_16,-76.75454007809529,39.15049083144413
31109202008,-76.77022609223769,39.14664882785934
421615_793_167881_186,-76.74983308286075,39.17877483888447
420397_599_163890_626,-76.7640510825602,39.14285783319385
420588_003_163840_498,-76.7618500896678,39.142401833643945
420866_498_163825_132,-76.75862907897198,39.14225683023754
31108202502,-76.7549970860499,39.14732483279108
422279_962_167707_63,-76.74215207663943,39.17719483969336
419570_571_164471_8,-76.77360109134035,39.148111828086144
31109202006,-76.76961408837283,39.14688383212464
31109202013,-76.76874108779785,39.148167829700135
421160_11_164362_335,-76.75521607775028,39.14708883260207
30908202507,-76.75024307766249,39.17823683674468
30908202531_15050139,-76.75065308052929,39.1802308369818
31109202009,-76.76873909006532,39.1453078331574
31108302505,-76.75898508727927,39.14169882840297
31007102509,-76.74558207698428,39.16030983178857
31109102006,-76.77768909278208,39.15198283215543
30907102002,-76.74056307591707,39.17641784100417
31109102011,-76.77589908868815,39.15078983280896
419399_71_164703_621,-76.77557108632962,39.150203836212775
420413_611_163883_34,-76.76386608113037,39.14279182900712
30808402001,-76.75372208753205,39.18290983610327
422499_219_166723_104,-76.73964708426918,39.16832083882396
30907102517,-76.73923708313924,39.174905842683714
30908202060,-76.75130908854891,39.1766468399903
420486_006_163868_874,-76.76302908430849,39.14265983152807
422453_086_166353_848,-76.74019308102287,39.16499584008993
31008402000,-76.74778708020051,39.15636883486527
31109202018,-76.76980209184791,39.146402827861984
30907302007,-76.73940707558762,39.169017838725104
421594_518_167982_929,-76.75007608286518,39.17969184122161
30907302003,-76.73915907325173,39.1729568384536
419464_822_164413_811,-76.77482609251544,39.1475918279661
422060_005_165933_325,-76.74475507994053,39.1612178395549
30907302014,-76.7396120795236,39.16851983491917
421730_805_165211_926,-76.74858708368588,39.15472783767056
422366_393_167668_464,-76.74115308542387,39.17683983800725
419492_464_164527_003,-76.77450308671003,39.14861082968363
422045_915_165841_587,-76.74492107449356,39.16039183575697
420722_35_164233_84,-76.76028408785683,39.14594183335832
30907302505,-76.73903107759699,39.170600836936345
419757_023_164369_91,-76.77144709168508,39.14718983331679
31109202101_5445652,-76.77266808310024,39.1477138280161
421620_334_167800_823,-76.74978307739612,39.17805083529929
421548_718_164979_517,-76.75070107604256,39.15263883540669
31108302517,-76.75793808318319,39.14527983161422
30908202061,-76.75108008794342,39.18063183588151
31109102015_37293758,-76.77631108602706,39.15082483157399
422552_036_166929_41,-76.73902907841526,39.17017784137968
419831_209_164328_577,-76.77059009136252,39.14681583567512
30907302507,-76.73897307674636,39.1706358385092
30808402543,-76.7531230841541,39.1824188393432
31008402007_5445974,-76.74840208555537,39.15507782990143
421256_447_164508_356,-76.75409707955569,39.14840183472807
31008402005,-76.7491860848667,39.15418383664691
31109202502,-76.77235308865484,39.14756882909822
420302_483_163932_788,-76.76515008596921,39.14323983179717
31007102501,-76.74534508356692,39.160621836796686
421753_808_165427_468,-76.74831407606297,39.15666883104407
31108302507,-76.75775908456116,39.14450783492214
421425_744_168183_739,-76.75202308102966,39.18150483656844
31007102011,-76.73956307377162,39.16683984004645
420871_68_164120_888,-76.75856008832348,39.14492083374534
420043_366_164081_218,-76.76814308767167,39.14458283420467
421644_878_165121_435,-76.74958408505354,39.15391483782827
31108202019,-76.75498008156771,39.147317834139656
420343_774_163911_357,-76.76467308718911,39.143045826584185
31109102516,-76.77531508514045,39.14917383310382
31007102013,-76.74177008352463,39.162519833655374
420572_504_164347_348,-76.7620140893411,39.14696782783368
31007302044_5445897,-76.74646508576683,39.15895483279392
420263_025_163947_562,-76.76560608160077,39.1433738273663
422159_023_167727_272,-76.7435510798874,39.1773748390043
31007102507,-76.74440208228641,39.16140483990449
31109402101,-76.76842008385766,39.144922826856885
422528_628_166834_98,-76.73930307585302,39.169327838389705
421873_837_165592_213,-76.74692008263419,39.15814983512305
30907102506,-76.74007807694359,39.17590684200479
422591_348_167414_769,-76.73855807558941,39.174548836233306
420122_41_164001_156,-76.76723108231349,39.14385983536245
422219_583_165982_508,-76.74290707680075,39.16165683696182
31007302000,-76.74313107628052,39.159536836363806
420728_044_163283_795,-76.76024708293984,39.13738382718221
31108302513_5446149,-76.75883807926475,39.14187882862213
422486_12_167104_736,-76.73978607375156,39.17175883531435
420911_129_164240_444,-76.75810008257635,39.14599683552912
420755_065_163792_089,-76.75991907872302,39.14196183050306
422411_83_166213_296,-76.7406750797186,39.16373083225881
30808402043,-76.75385908101161,39.18301283990097
31007102019,-76.74043707694088,39.164322834691845
31108302054,-76.76228007944762,39.142501829515226
421831_532_165481_969,-76.74741308167468,39.15715783256934
421176_373_164390_132,-76.7550270808052,39.14733883070655
31109202504,-76.76945208166823,39.14611483284111
421422_768_167911_411,-76.75206608499228,39.17905184223498
419973_63_164446_5,-76.7689390861094,39.14787483264514
422534_845_167320_578,-76.73921508120034,39.173701840419
421614_495_167944_905,-76.74984608433546,39.1793488369708
30908202029,-76.74918907783267,39.17882383535328
31109103502,-76.08962688752823,39.3604548995523
421713_453_167873_017,-76.74870308668437,39.1786988382564
419216_849_164897_781,-76.77768108731415,39.151956829203854
30907102018,-76.7415740758968,39.17703883984455
421565_769_167784_799,-76.75041507957323,39.17790784025404
421221_001_168397_668,-76.75438607967781,39.183436843990926
422236_429_167701_623,-76.74265608533315,39.17714183652191
419542_174_164489_714,-76.7739290859144,39.14827382858651
31109202501,-76.774184093467,39.14841483430766
421982_844_165833_973,-76.74565107581361,39.16032483547318
30907102505,-76.74456008484796,39.177563836467804
421538_642_167846_227,-76.7507270856457,39.1784618372891
31109202014,-76.76855508335407,39.14843983464105
422542_318_167185_05,-76.73913308138644,39.17248084162346
30908202508,-76.750892078782,39.17722983432014
422183_827_165973_859,-76.74332107626496,39.16157983476373
421258_627_164693_867,-76.7540660788128,39.15007283525984
419573_067_163988_228,-76.77358609115086,39.14375582698284
419637_366_164342_857,-76.77283209218399,39.14694883430918
420632_644_163827_848,-76.7613340890641,39.14228683407752
420830_865_163732_785,-76.75904408109555,39.14142582948883
31007102510,-76.740044076112,39.16541083583984
31108302004,-76.75856808734697,39.14234082960844
421385_368_167811_062,-76.75250207987034,39.17814883559037
30907102513_15050063,-76.73945708357093,39.1750508355365
421477_302_167843_507,-76.75143707950622,39.17843884275429
420955_644_164306_948,-76.75758308800384,39.146594829771054
420799_199_163774_887,-76.75940908786576,39.14180583068868
31007102503,-76.73989107354133,39.16584583798148
30907102001,-76.74090107567194,39.17669184115886
421199_111_164774_969,-76.75475208157552,39.15080483116764
31109202503,-76.76988008171769,39.146603830290886
419260_114_164772_552,-76.77718408961705,39.150827836106
30907102003,-76.74040008279792,39.17623983662018
422095_27_165808_754,-76.74435108193515,39.16009483863103
421577_639_165024_002,-76.75036507799288,39.15303883684913
420886_891_163861_155,-76.7583920813457,39.142580834327866
31007102001,-76.73979107842322,39.16612583297937
419208_115_164934_839,-76.77778108755737,39.15229083327387
419387_54_164731_344,-76.77571108989643,39.15045383007064
421231_832_164468_213,-76.75438308612581,39.14804082982185
421494_024_168080_237,-76.75123608445462,39.18057084150794
420954_187_163976_899,-76.75761008045627,39.14362183256173
30908202055,-76.7518490819848,39.17784883698215
31208102701,-76.76052408076913,39.13780682930543
31108102507,-76.76293908439608,39.14752783185138
420918_499_164199_499,-76.75801608159729,39.14562783320357
30907302000_15050083,-76.73924107848131,39.17444783841575
421788_809_165366_063,-76.74791108398306,39.15611483579576
419373_719_164762_838,-76.77587008746049,39.150737828833066
422542_678_166877_539,-76.73913908421606,39.169710839342784
421357_109_168259_266,-76.75281508376948,39.18218684262677
31008402006,-76.74828208535327,39.15535883480065
421923_651_165705_919,-76.74634007802182,39.159172832491485
422621_213_167396_204,-76.73821307333216,39.174380835908906
419717_552_164391_015,-76.7719030919163,39.14738083324208
30907302004,-76.73955007917579,39.16766383290106
419250_55_164795_397,-76.7772940892538,39.151033830481765
31108202013_5445890,-76.7546780796233,39.14768283362218
31109103031_5517425,-76.08962689131464,39.36042389482446
31109102013_37293738,-76.77726208912019,39.15086783524626
420933_417_164115_723,-76.75784608104685,39.14487283520776
420619_283_164309_615,-76.76147408070173,39.14662683495779
30908202036,-76.75481708031815,39.17656484095668
30808402532,-76.75151407976344,39.18325983552936
420677_279_168434_413,-76.76067808198086,39.18378084270754
421349_239_167942_74,-76.75291608620684,39.17933584240835
420713_606_163777_992,-76.7603990792236,39.14183582789272
30808402016,-76.75207308417401,39.18435283884707
30908402003,-76.75513308465669,39.17357583342953
420648_6_163743_186,-76.76115208119849,39.141523834827616
421082_759_164550_297,-76.75610508226636,39.1487838298155
31108302043,-76.7590240790083,39.13879883421147
420835_438_163670_518,-76.75899308533171,39.14086482833409
421255_182_167993_109,-76.75400308164919,39.17979184283924
30908202063,-76.75407608029172,39.17544383989648
31007302001,-76.7418520832355,39.15900383244179
421265_994_167860_474,-76.75388208699837,39.178596834758736
421192_902_167633_03,-76.75473507876042,39.1765498425998
420935_232_167047_403,-76.75773508557722,39.1712808393394
420597_313_163718_517,-76.7617460791504,39.14130282716331
421493_161_165003_011,-76.75134308166086,39.152851830295006
421385_555_167487_12,-76.75251007961877,39.17523083419092
420774_289_163517_047,-76.75970508170619,39.13948383475236
420924_574_164614_154,-76.75793308682428,39.14936283615746
31109202017,-76.7711640850651,39.14938883108336
421298_099_167618_659,-76.75351808075918,39.17641783964893
30908202535_LEG3,-76.75476307963302,39.1766488342728
31109102010,-76.77797109474825,39.15174782812833
30907302008,-76.73798208092816,39.167667834572
30908102019,-76.75639609027188,39.180784843353365
30908102010,-76.75624508458517,39.17893684288236
30908202059,-76.75075508247998,39.17624784161387
422128_455_165347_914,-76.74398207395512,39.15594283845299
31109102569,-76.77684608447414,39.15039183260547
420709_61_167012_504,-76.76034708076496,39.1709718408941
422469_062_167723_264,-76.73996308407196,39.17733083555636
420795_37_163751_786,-76.75945408342841,39.14159783103512
421199_081_167841_422,-76.75465708745776,39.17842684113007
31108302025_LEG1,-76.75968808382048,39.13949583449714
31108302053,-76.762458082812,39.14240783238902
421192_1_167642_02,-76.75474408080699,39.1766308419185
420837_779_163438_949,-76.75897307870801,39.13877883084574
421230_313_167794_768,-76.75429708256354,39.178005835871296
421221_622_167973_924,-76.75439208733724,39.179619842760616
421535_092_167564_017,-76.75077708758859,39.175919840723886
422301_124_167343_338,-76.7419190851782,39.17391284051541
30908402035,-76.75405008760404,39.173136839730105
420889_531_164529_468,-76.75834107857064,39.14860083438768
419910_607_164620_189,-76.76966308892689,39.14944083095404
31108102000,-76.75719908033338,39.14914183175279
30908202049,-76.74825907975953,39.17854284320631
30908202057,-76.75220608864431,39.177329839416345
30908202035,-76.74754607686172,39.181408837975205
PROTDEV_15237568,-76.754724587923,39.17664533981154
31208102006,-76.75939408624224,39.138257830405294
421812_71_168193_903,-76.74754407866415,39.181586837436086
31108102508,-76.76335708746102,39.14948683268278
31108202021,-76.75099608245965,39.15233083367297
31108102004,-76.75672308716767,39.14863183529845
421036_178_167268_813,-76.75656008937067,39.17327283454197
421166_815_167307_796,-76.75504708382063,39.17362083720825
420668_833_163675_853,-76.76092007937889,39.140916831485605
31108302030,-76.7596790816785,39.13957883309012
30908202064,-76.75409208946134,39.175472833682974
31108102001,-76.75718808143647,39.14913082833785
31108302034,-76.7611460811279,39.14010783116817
420828_127_163558_042,-76.75908108675651,39.13985183390907
31008402004,-76.74923607679754,39.15421983103206
421261_064_167253_43,-76.753958078832,39.17312883693621
422611_232_166567_115,-76.73835607969458,39.16691283741908
422811_7_166815_034,-76.73602807985657,39.16914084159145
30908202030,-76.75273608436964,39.17955483989829
419621_753_164677_304,-76.77300308618868,39.14996183147117
31108302041,-76.75851107850735,39.13974382704844
422660_282_166760_422,-76.73778207519277,39.16865283906228
30908302001,-76.75785208731786,39.1720668359266
420543_845_163634_562,-76.76236708671094,39.14054782753982
421188_144_167345_376,-76.75479908490398,39.173958833907584
PROTDEV_15238288,-76.75475958625465,39.17664834054492
31108102005,-76.75679608199881,39.14852782832253
31108302057,-76.75914408171523,39.14084183517376
30808402023,-76.75299208935722,39.18415983936588
420877_553_163698_161,-76.75850508628515,39.14111283005849
420475_5_164452_671,-76.76313309039504,39.14791883383586
420439_949_164528_623,-76.76354208139138,39.14860382786408
30908202518,-76.75237607842534,39.17929183530261
421475_709_168523_471,-76.75143408853447,39.18456383694346
419175_19_165002_811,-76.77816008852793,39.152903835404025
30907402535,-76.73596907832906,39.16911183856517
30907402575,-76.73619808215551,39.169748840545225
30908102009,-76.75628308035611,39.17896383725176
30908202065,-76.7488860817471,39.18178483680069
421483_194_165298_505,-76.75144908368748,39.15551383392305
421605_117_165216_354,-76.75004108649223,39.154770833356494
31007102009,-76.73952007327091,39.16695683782383
5517698-1,-76.08970888652425,39.36039289428054
421054_388_168086_933,-76.7563240824826,39.18064183858542
30808402044,-76.75063208221403,39.1826028424997
31108302046,-76.75902708303774,39.13879983125892
420775_154_163516_716,-76.75969508633933,39.13948083263908
419790_895_164685_831,-76.77104608614576,39.15003483646655
30908402002,-76.7550680804937,39.1735458366743
422069_646_167800_625,-76.74458307828579,39.17803784311991
30908102017,-76.7574950899935,39.17989684064316
421799_447_168178_435,-76.7476980772743,39.181447835650125
421683_817_167904_242,-76.74904508161829,39.17898084021967
30907402534,-76.73600507238864,39.16931284000372
31108302025_LEG3,-76.75971307898111,39.13946883493232
420809_613_163497_49,-76.75929708586554,39.139306829681125
30907302012,-76.7426200751981,39.17462583898633
PROTDEV_15238283,-76.75476158751239,39.17663183335633
420461_305_164626_705,-76.76329208294814,39.14948683657621
420773_423_163517_377,-76.75971508867133,39.13948682788064
30908202052,-76.75289808012752,39.17831683800034
31109402003,-76.76854608910604,39.14540382791284
421544_55_167612_889,-76.75066608616213,39.1763598361326
31108302029,-76.75925808584188,39.1405148295008
30908202102,-76.74750308586675,39.18150484098694
421071_271_168138_489,-76.7561270898789,39.18110583689717
30908202032,-76.7524560856827,39.17712283568119
31108302052,-76.76088808180513,39.14152282822734
31007102512,-76.74409908173993,39.1615848320816
419775_679_164721_428,-76.77122108359211,39.1503558322537
421432_285_168383_807,-76.75194108459513,39.18330684138255
31108302007,-76.75913207956056,39.14088483235509
30808402533,-76.75174308026358,39.18350683760002
30908202033,-76.75466508228284,39.17787783915162
30808402015,-76.75208908711475,39.184340838217786
421341_511_167988_679,-76.75300408749466,39.179749838683165
30908202037,-76.75482108610939,39.176634840258025
31108302025_LEG2,-76.7597070798278,39.13950182767706
30907302009,-76.73798408025051,39.167652840940335
30808402022,-76.75301208639607,39.18415083761864
420856_314_163491_286,-76.7587570869223,39.13924983444572
31109202016,-76.76977408898892,39.14916983007674
30907302011,-76.73755607622714,39.16871583896678
TIEPOINT_30907102525,-76.7450510856618,39.17765283933296
30908202066,-76.74891108442094,39.181793835101296
421172_065_167959_358,-76.75496608882338,39.17948983519712
421573_959_168170_488,-76.75030808578717,39.18138183553065
420790_038_163445_817,-76.75952508357352,39.13884183099391
31108302045,-76.7590180849712,39.13882682753756
31108102003,-76.75670307945978,39.14860983250455
30808302045,-76.7619600812867,39.18270383664648
31108302044,-76.75900807812832,39.13882383434928
421228_307_167320_173,-76.75433507949968,39.17373083810262
31108302042,-76.7585170784305,39.13974483028031
31007102012,-76.7417320747855,39.162560834880125
30907302010,-76.73753407547724,39.16872283387978
421895_001_168118_308,-76.74659408457083,39.180903841798845
30908302000,-76.75782808825808,39.17206284093398
30908202535_LEG4,-76.7547650825688,39.17663184066422
420762_879_163582_071,-76.7598350823265,39.1400698325204
30908202058,-76.75073707972608,39.17623984042126
421354_22_168464_525,-76.75284208897907,39.18403583696859
420769_523_163389_812,-76.75976408296151,39.13833783201446
30908202535_LEG1,-76.75472108300312,39.17664483705055
31108302056,-76.75915308877703,39.140808830632295
419811_216_164579_641,-76.77081408256669,39.149077834221856
30908202031,-76.75275908215389,39.17956784164456
421106_895_167935_204,-76.75572108187214,39.17927383479106
31208102005,-76.75938908456006,39.13825582938656
422277_485_167483_039,-76.74218808379229,39.1751718377519
421655_363_165364_03,-76.74945507763685,39.15609983213415
30907402574,-76.7361610820875,39.16977183545444
420637_503_163622_706,-76.76128408802951,39.14043882921055
31108302051,-76.76088708321507,39.14153083423257
30908202034,-76.74755508295931,39.18138884195629
421426_61_165255_833,-76.75210507828129,39.15513083791002
31108202507,-76.75557308399013,39.15151383700976
30908102016,-76.757543090393,39.17993283608918
421896_736_167804_472,-76.74658408719077,39.17807683675554
421192_268_167643_796,-76.75474208131747,39.17664683566355
421395_702_167728_051,-76.75238508744233,39.17740083891782
30908102018,-76.75640308343445,39.18079083907686
419978_703_164491_141,-76.7688790923813,39.14827683624858
421422_907_168496_351,-76.75204608866096,39.184320840042965
421253_647_167504_304,-76.75403608950046,39.175388835209176
422637_945_166654_338,-76.73804407546329,39.16769783414836
420878_833_163606_467,-76.75849308616384,39.14028683276596
420615_979_163522_737,-76.76153607986768,39.1395388288664
419785_623_164616_544,-76.77110908615079,39.14941082910966
421293_321_167787_944,-76.75356808792573,39.17794283698019
421357_585_167891_917,-76.75282108662783,39.17887783699883
30907302013,-76.7426050840877,39.17462384237598
421012_852_168077_941,-76.75680508444619,39.18056183845735
421671_288_168155_879,-76.74918208335214,39.18124783772453
31108302033,-76.76115508859286,39.1401088313849
30908202056,-76.75219308351578,39.177348836498425
421469_582_168393_9,-76.7515090866367,39.183396842996345
421646_583_167933_448,-76.74947507855074,39.17924484233587
421657_579_165501_139,-76.74942508502224,39.15733483076051
420810_575_163132_589,-76.75929708746743,39.13601982681844
422509_806_166980_245,-76.73951608450109,39.17063683866593
421987_561_166033_147,-76.7455900759757,39.16211883864252
419415_531_164667_469,-76.77538908635586,39.149877834144455
419980_168_164117_581,-76.7688730858682,39.14491183038716
419933_461_164264_668,-76.76940908876547,39.14623783234885
422695_478_166451_568,-76.73738507803013,39.16586983459238
421466_633_167604_351,-76.75156808765092,39.17628484123079
421227_078_168290_554,-76.75431908008643,39.18247183936617
421464_858_168034_419,-76.75157508531754,39.18015883909042
419442_617_164374_569,-76.77508408537183,39.147238835016026
420177_331_164531_389,-76.76658008936207,39.14863483165603
422316_405_167134_561,-76.74174907944453,39.17203183365648
421518_838_167915_891,-76.75095408437902,39.179089841477456
419977_014_164578_172,-76.76889608264344,39.149060836546376
421629_563_167649_202,-76.7496810793527,39.17668483980973
419369_476_164519_484,-76.77592608433318,39.1485458276084
421921_4_165862_666,-76.74636108360114,39.160584836562
421349_239_167942_74_SEC_0,-76.75291608620684,39.17933584240835
420713_606_163777_992_SEC_0,-76.7603990792236,39.14183582789272
420835_438_163670_518_SEC_0,-76.75899308533171,39.14086482833409
421265_994_167860_474_SEC_0,-76.75388208699837,39.178596834758736
421192_902_167633_03_SEC_0,-76.75473507876042,39.1765498425998
420935_232_167047_403_SEC_0,-76.75773508557722,39.1712808393394
420597_313_163718_517_SEC_0,-76.7617460791504,39.14130282716331
420924_574_164614_154_SEC_0,-76.75793308682428,39.14936283615746
421298_099_167618_659_SEC_0,-76.75351808075918,39.17641783964893
422469_062_167723_264_SEC_0,-76.73996308407196,39.17733083555636
421199_081_167841_422_SEC_0,-76.75465708745776,39.17842684113007
419608_851_164790_729_SEC_0,-76.77314908480407,39.15098383486076
421230_313_167794_768_SEC_0,-76.75429708256354,39.178005835871296
421221_622_167973_924_SEC_0,-76.75439208733724,39.179619842760616
421535_092_167564_017_SEC_0,-76.75077708758859,39.175919840723886
422301_124_167343_338_SEC_0,-76.7419190851782,39.17391284051541
419910_607_164620_189_SEC_0,-76.76966308892689,39.14944083095404
420668_833_163675_853_SEC_0,-76.76092007937889,39.140916831485605
422611_232_166567_115_SEC_0,-76.73835607969458,39.16691283741908
419621_753_164677_304_SEC_0,-76.77300308618868,39.14996183147117
421188_144_167345_376_SEC_0,-76.75479908490398,39.173958833907584
422323_617_167547_891_SEC_0,-76.7416520837794,39.175754835236646
421423_814_165457_65_SEC_0,-76.75213108687375,39.15694883829622
421605_117_165216_354_SEC_0,-76.75004108649223,39.154770833356494
419790_895_164685_831_SEC_0,-76.77104608614576,39.15003483646655
419775_679_164721_428_SEC_0,-76.77122108359211,39.1503558322537
421341_511_167988_679_SEC_0,-76.75300408749466,39.179749838683165
420762_879_163582_071_SEC_0,-76.7598350823265,39.1400698325204
30908202535_LEG1_SEC_0,-76.75472108300312,39.17664483705055
419811_216_164579_641_SEC_0,-76.77081408256669,39.149077834221856
421106_895_167935_204_SEC_0,-76.75572108187214,39.17927383479106
421655_363_165364_03_SEC_0,-76.74945507763685,39.15609983213415
419978_703_164491_141_SEC_0,-76.7688790923813,39.14827683624858
421293_321_167787_944_SEC_0,-76.75356808792573,39.17794283698019
421357_585_167891_917_SEC_0,-76.75282108662783,39.17887783699883
421816_696_165439_965-1,-76.74753641079947,39.156785503300064
419606_821_163972_326,-76.77319609241613,39.14361182927571
30908202060-1,-76.75127442002734,39.1766431727694
420343_774_163911_357-1,-76.76466941986327,39.14301149472591
419717_552_164391_015-1,-76.77189575719036,39.14734416603021
421730_805_165211_926-1,-76.74854274942959,39.15474783645415
422453_086_166353_848-1,-76.7401684135948,39.164956172162654
421191_146_167900_683,-76.75474707924181,39.17896084273143
419399_71_164703_621-1,-76.77561142062909,39.150167501510175
419208_115_164934_839-1,-76.77783475501583,39.15229683301352
419934_062_164334_719,-76.76940008935098,39.14686882759104
420205_399_163967_73-1,-76.76626008203571,39.14352316283696
422069_646_167800_625-1,-76.74456307920015,39.17806817502344
421831_532_165481_969-1,-76.74738874797684,39.157130833209486
30907102002-1,-76.74050674380568,39.17642017357122
422530_654_166216_077,-76.73930008385881,39.1637528343699
421385_368_167811_062-1,-76.752496747726,39.178100169895885
31108102005-1,-76.75680841571338,39.14848582967251
420440_481_164356_331,-76.7635410896759,39.14705183567634
421422_768_167911_411-1,-76.75204608442425,39.17900950773129
421078_884_164447_488-1,-76.75616475239248,39.147811501258026
420955_644_164306_948-1,-76.75753708636049,39.14656516385953
419182_621_164576_978,-76.77808609383214,39.14906783625224
421438_581_165367_213,-76.75196307817656,39.15613383653667
421994_397_165472_097,-76.74552907476814,39.15706483303903
422316_405_167134_561-1,-76.7417957462531,39.1720141683502
421657_579_165501_139-1,-76.74947041714594,39.157324832001024
422488_511_166629_71,-76.73977407445834,39.1674798400417
421470_879_165091_318,-76.75159808579004,39.15364783118431
421629_563_167649_202-1,-76.74971908041287,39.17669383933799
419369_476_164519_484-1,-76.77592341925401,39.14852682897594
421828_633_165686_228,-76.7474400845464,39.15899783269776
422366_393_167668_464-1,-76.74114008357566,39.17688017158053
420911_129_164240_444-1,-76.75804074945039,39.14597950099478
420810_575_163132_589-1,-76.759255086007,39.13601216116069
31007102001-1,-76.73976441187583,39.16613150084741
419464_822_164413_811-1,-76.77481942456276,39.14755249582903
421987_561_166033_147-1,-76.74559007744786,39.1620901709389
421923_651_165705_919-1,-76.74632674548054,39.15914516662989
420572_504_164347_348-1,-76.76205975447272,39.14695682920237
421614_495_167944_905-1,-76.74987075049653,39.17930483759893
421221_001_168397_668-1,-76.75437908124131,39.18341050917379
422278_191_166039_735-1,-76.7422574116737,39.16219917058341
421538_642_167846_227-1,-76.75071075138607,39.17842283774622
420728_044_163283_795-1,-76.76021774983332,39.13743282814915
421127_495_164727_041,-76.75558207942362,39.15037483368278
421646_583_167933_448-1,-76.74949307988983,39.17928250785911
422542_678_166877_539-1,-76.73911674904639,39.16967017199349
422183_827_165973_859-1,-76.74328707736898,39.161566168356
419637_366_164342_857-1,-76.77288209083365,39.14693850006101
420722_35_164233_84-1,-76.76031208662518,39.145904832823234
422552_036_166929_41-1,-76.73895741189591,39.17020184010698
421357_109_168259_266-1,-76.7528120837911,39.18221950821235
421302_732_168014_885,-76.75345207875154,39.179986840515
420755_065_163792_089-1,-76.75990308035485,39.14192883065773
420195_851_164286_539,-76.76637309014804,39.14642883350417
419250_55_164795_397-1,-76.77734408938099,39.15105183107129
420571_826_163845_007-1,-76.76202941516893,39.14240383037317
421227_078_168290_554-1,-76.75435274816806,39.182472172701566
421525_589_167500_268,-76.7508890782364,39.17534583754952
421603_529_165417_508,-76.75005308687933,39.156582832390114
420522_227_163836_219,-76.7626110799262,39.14236483223355
421217_53_164740_16-1,-76.7544864128931,39.15049616528295
422247_84_166566_193,-76.74256108120301,39.166913838641335
421548_718_164979_517-1,-76.75064174449973,39.1526451681244
421518_838_167915_891-1,-76.75089341723775,39.17908450727838
419757_023_164369_91-1,-76.77144409031813,39.14714716607779
420043_366_164081_218-1,-76.76815975394433,39.14454916652844
420886_891_163861_155-1,-76.75831274858943,39.14256483331638
420475_5_164452_671-1,-76.76317375533732,39.147880499916106
419442_617_164374_569-1,-76.77505041982177,39.1472355005195
421769_075_167881_608,-76.74805907836377,39.17877484302112
422095_27_165808_754-1,-76.74435708125024,39.16011517081937
420177_331_164531_389-1,-76.76657442162853,39.14860083179448
422420_262_166561_13,-76.74056607568748,39.16686383527237
421282_182_164549_5-1,-76.75377441547005,39.14877182988985
422190_562_167849_922,-76.743182081018,39.17847884335543
420413_611_163883_34-1,-76.7638934157986,39.14273282965908
422159_023_167727_272-1,-76.7435970801903,39.17734183891479
422236_429_167701_623-1,-76.74264008364788,39.1771038372423
419977_014_164578_172-1,-76.76892541740132,39.149080501732605
421861_122_165564_535-1,-76.74705541532963,39.15786416765755
421982_6_166076_429,-76.7456460827013,39.16250883909374
420871_68_164120_888-1,-76.75855842002531,39.14487883302609
421464_858_168034_419-1,-76.75164208468767,39.18014850575672
419342_552_164747_553,-76.77623108648966,39.15060083268774
422323_617_167547_891,-76.7416520837794,39.175754835236646
31109202018-1,-76.76980942359737,39.14636116240639
419608_851_164790_729,-76.77314908480407,39.15098383486076
419595_814_164714_985,-76.77330208413395,39.15030183661696
422332_574_167375_177,-76.74155408418063,39.174198837725015
419387_54_164731_344-1,-76.77575675632227,39.15046183077058
419950_58_164400_26-1,-76.76922875503773,39.14749116726121
421070_742_164809_706,-76.7562360876165,39.15112083345743
421873_837_165592_213-1,-76.74690508192262,39.15811583497656
421753_808_165427_468-1,-76.74827774433652,39.156673832159385
420904_319_164167_933,-76.75818108293956,39.14534382988437
421256_447_164508_356-1,-76.75406274707413,39.14836583397994
422459_418_166376_291-1,-76.74007074182785,39.16521050533216
422317_638_166087_694,-76.74176907973286,39.16260183916603
421311_538_168241_38,-76.75334307906728,39.18202684009218
419862_792_164178_898,-76.77022909151624,39.14546683398103
421384_312_167658_525,-76.75251908705697,39.17677484259625
422571_864_167821_917,-76.73877007472879,39.17821683521749
420532_809_163855_896-1,-76.76249374876582,39.14255749827788
422549_348_167023_21-1,-76.73903708043272,39.17105417316681
421466_633_167604_351-1,-76.75154675277666,39.176259840223175
422060_005_165933_325-1,-76.74472141330284,39.16121117151658
420918_499_164199_499-1,-76.7579587487809,39.145609499416906
420588_003_163840_498-1,-76.76186475455206,39.14242316610032
419980_168_164117_581-1,-76.76888608613852,39.14492883067835
421600_142_167854_055-1,-76.7500730794058,39.178527169776544
421160_11_164362_335-1,-76.75516407931343,39.1470838324824
421477_302_167843_507-1,-76.75141808069846,39.17840750804496
421017_725_164561_558,-76.75685708119656,39.14888682981922
422695_478_166451_568-1,-76.73731507805505,39.16589350198269
419933_461_164264_668-1,-76.76935875480287,39.14623983208869
422528_628_166834_98-1,-76.73928074346625,39.16927583799306
420122_41_164001_156-1,-76.76723175023983,39.1438298339289
422411_83_166213_296-1,-76.74064907943222,39.16370483352622
422448_451_166828_645,-76.74023107985721,39.16927283283222
422499_219_166723_104-1,-76.7396234158193,39.16834617156575
419492_464_164527_003-1,-76.77450608736002,39.14857449704777
422464_307_167602_799,-76.74002208473127,39.17624583630728
419570_571_164471_8-1,-76.77360142367539,39.14807382929382
420830_865_163732_785-1,-76.7590164151595,39.14139949662775
421594_518_167982_929-1,-76.75005174953813,39.179733173815166
421565_769_167784_799-1,-76.75039708063088,39.17788383969351
421425_744_168183_739-1,-76.75197174853622,39.181517170819845
422452_039_166084_189,-76.74021407549209,39.16256683188438
421258_627_164693_867-1,-76.75401307997437,39.15007883446855
TIEPOINT_15088906,-76.75143108131375,39.18202583947394
422509_806_166980_245-1,-76.73950708265937,39.17066650494666
421423_814_165457_65,-76.75213108687375,39.15694883829622
421921_4_165862_666-1,-76.7464000825693,39.160601836128095
419415_531_164667_469-1,-76.77540942059912,39.14985083343195
422373_62_166399_915,-76.74111108113381,39.16541283598026
421199_111_164774_969-1,-76.75469841520926,39.15078983178068
419126_196_164853_71,-76.77873108991139,39.1515618286298
30907102001-1,-76.74089841037798,39.176742173675386
422542_318_167185_05-1,-76.73909874721318,39.17245884038037
SOURCE_7732,-76.08962687889257,39.36048989468605
TIEPOINT_31007102024,-76.74034707601902,39.163939836800346
TIEPOINT_31108302005,-76.76349907957426,39.14231083202068
419528_434_164522_652,-76.77408709309688,39.14857083544874
TIEPOINT_31108302064,-76.75780008431808,39.14128483215344
31109103032_5517430,-76.08962788175472,39.36034589517031
422499_132_166723_548,-76.73964807635214,39.168324840518544
TIEPOINT_30908202042,-76.74940707758213,39.17788483779211
30907302514,-76.73866508196768,39.17051683434641
TIEPOINT_30907302002,-76.73875107629047,39.17197683948106
TIEPOINT_31109102536,-76.77801008703366,39.15274283269933
TIEPOINT_30808402046,-76.75444608924906,39.18347783813403
31108102511,-76.75862908422499,39.14668083360906
30907302101,-76.73777608362072,39.17415883403528
420677_279_168434_413_SEC_0,-76.76067808198086,39.18378084270754
31007302511,-76.74286908177297,39.15430683021901
30908202103,-76.74764807896591,39.18155184061069
31108302026,-76.75967208308384,39.13958582690863
30908402036,-76.75399908680194,39.17319383352445
421475_709_168523_471_SEC_0,-76.75143408853447,39.18456383694346
30907402529,-76.73583507464137,39.16841484147995
421483_194_165298_505_SEC_0,-76.75144908368748,39.15551383392305
420775_587_163516_495,-76.75969008456265,39.13947883163382
31108102007,-76.76329808842887,39.14970183129677
30907402547,-76.73617107281716,39.17030683485602
420637_503_163622_706_SEC_0,-76.76128408802951,39.14043882921055
420772_991_163517_487,-76.7597200822617,39.13948782898824
422533_887_167353_436-1,-76.73910939711827,39.17400027235181
421892_563_165633_895-1,-76.7465962906806,39.15848835990481
422475_023_167511_353-1,-76.74000188419815,39.17537758303989
420933_417_164115_723-1,-76.75795991434042,39.14485680801627
421620_334_167800_823-1,-76.74972779382296,39.17812997184806
31109200023-XFO,-76.77107142939536,39.14949600211485
30908200052-XFO,-76.75366845457386,39.17798768812163
31008400011-XFO,-76.74748674572393,39.15679116887027
31109400001-XFO,-76.77328659022503,39.1436048300797
30908200012-XFO,-76.75123975150939,39.17663950552927
31108300020-XFO,-76.76033591377337,39.14191129092838
30908200041-XFO,-76.75567220786189,39.17919218269401
31108300002-XFO,-76.76466575255257,39.14297716285824
31109200005-XFO,-76.77188842247196,39.14730749882654
30908200031-XFO,-76.7504151146575,39.18141611759728
31008400008-XFO,-76.74849841514838,39.15476783522092
30908200059-XFO,-76.75249061267505,39.17743782679114
31007100012-XFO,-76.7401437461942,39.1649165042388
30908300021-XFO,-76.7564610988136,39.17322617587324
31008400023-XFO,-76.74996287117332,39.15483720860102
30908200030-XFO,-76.74923332744737,39.18116707013082
30908200056-XFO,-76.75484446019875,39.1789121657517
31109100013-XFO,-76.77565175489892,39.15013116678437
31109100006-XFO,-76.77788842248334,39.15230283272862
31109200008-XFO,-76.76929153033676,39.14683770662825
31109400006-XFO,-76.76624808388574,39.14348949694393
30907100019-XFO,-76.74208966401983,39.17512444986769
30907100005-XFO,-76.74454308009742,39.17809850693232
31008400009-XFO,-76.74736441429748,39.1571038338444
30907100009-XFO,-76.74045041170216,39.1764225061112
31007100013-XFO,-76.73930017039251,39.16384291273464
30908200006-XFO,-76.7524914156005,39.17805150420956
31108100026-XFO,-76.76322982546033,39.14941091419932
30908300001-XFO,-76.75780334112679,39.17120809828135
30907400035-XFO,-76.73614352031257,39.16914708302486
30908400032-XFO,-76.75480308443366,39.17396183576623
31108100011-XFO,-76.75682074941332,39.14844383102975
31108100025-XFO,-76.76365677222444,39.14705192005135
31108300032-XFO,-76.75926531654575,39.13939344446106
30908200003-XFO,-76.75202608389162,39.17896717322371
31108100012-XFO,-76.75617641763894,39.14776516676061
31108100013-XFO,-76.75749108474399,39.146535497920674
31109100042-XFO,-76.77806842439833,39.1489788144202
31008400021-XFO,-76.75185925751914,39.15617359064046
30808400003-XFO,-76.75276033895908,39.18397207037514
31007300010-XFO,-76.74541526077769,39.15704863957174
31108100023-XFO,-76.76365241641015,39.1485767509621
30907300009-XFO,-76.7418424130385,39.17199650301625
31008400004-XFO,-76.74951574925687,39.15731483323302
30908200053-XFO,-76.75292461537065,39.17891810134108
31108200011-XFO,-76.75600752793689,39.14873541377105
31109200029-XFO,-76.76954905614535,39.14945600737581
30907300031-XFO,-76.73988265207403,39.167510988170015
31008400019-XFO,-76.75148426316481,39.15366396457346
30908200013-XFO,-76.74975708148268,39.1767028388539
31109100010-XFO,-76.77592075417623,39.14850783035235
31008400030-XFO,-76.7474550926809,39.15908715017527
30908200028-XFO,-76.75297602767644,39.17925878702661
30907100012-XFO,-76.74112708171269,39.176920505142895
31108300030-XFO,-76.75904855425453,39.13993827676506
31108100014-XFO,-76.7579814163649,39.1459621664394
31208100301-XFO,-76.75921308455565,39.13600449547888
31007100005-XFO,-76.73973774532415,39.16613716871837
31109100031-XFO,-76.7748127566175,39.14751316369121
30907300016-XFO,-76.73917208013351,39.17373633928111
31007100015-XFO,-76.74559007890845,39.162061503235016
31007300001-XFO,-76.74631341294962,39.15911750077558
30908400033-XFO,-76.75496939398798,39.17368759972032
31108100018-XFO,-76.76210541959018,39.14694583056221
30908400027-XFO,-76.75385835766788,39.17308313085954
30908200037-XFO,-76.74989541663857,39.17926083823042
30808400005-XFO,-76.75437208279847,39.183384174347
31108300029-XFO,-76.75846098400015,39.14037337316405
31007100003-XFO,-76.74228774550181,39.162227503147776
30908200008-XFO,-76.75069441714435,39.178383838200666
30908400034-XFO,-76.75423600172238,39.17368429092094
31007300011-XFO,-76.74387094476717,39.1559678998045
31208100308-XFO,-76.76018841669787,39.13748182911715
31108200008-XFO,-76.75558197227265,39.15028475501901
30908200020-XFO,-76.749511081248,39.17932017337922
30907300017-XFO,-76.7390944138907,39.169629504648434
31007100002-XFO,-76.74325307847452,39.16155250193833
31109200004-XFO,-76.77293208946875,39.14692816579152
30907300023-XFO,-76.73812085983616,39.167765224019085
30908200032-XFO,-76.75061302269299,39.17643988759573
31108100015-XFO,-76.7603400853528,39.1458678322811
30907300018-XFO,-76.73888574533969,39.17022583879936
30808400006-XFO,-76.75280908381,39.18225217378854
31108300031-XFO,-76.75865815585617,39.13920315979342
31108300038-XFO,-76.76126734790702,39.14153138377633
30907300028-XFO,-76.74180883144327,39.173885467767576
30908200023-XFO,-76.75348640358426,39.18007286578692
31108300005-XFO,-76.75988708201312,39.14189583080099
30907100022-XFO,-76.74648705831598,39.180869556240935
31109200011-XFO,-76.76637321250332,39.14633875475842
31109100019-XFO,-76.77739408954506,39.15106983164849
30908200065-XFO,-76.75240895998813,39.175187025075125
31108300015-XFO,-76.76202174976746,39.14236483066439
31109200022-XFO,-76.77086490612169,39.148996913909926
30808400007-XFO,-76.75438641626157,39.18247250603629
30808400040-XFO,-76.75203870884609,39.1832584532757
30907300001-XFO,-76.73855407724054,39.17450833726544
30908200062-XFO,-76.75088897699716,39.17525575946494
30908200051-XFO,-76.7542462193907,39.17808674839046
30808400038-XFO,-76.75141562617114,39.183449978169925
31109200024-XFO,-76.77306814290439,39.14988734543455
30907300026-XFO,-76.73788790637205,39.1686164075136
31008400016-XFO,-76.75006809778758,39.156672149588765
31108300037-XFO,-76.76271245369155,39.1423214463679
31108200009-XFO,-76.75443274767129,39.15050149909717
31007100010-XFO,-76.74261008364167,39.16683223601702
31108200004-XFO,-76.75058241293478,39.15265150081203
30908200024-XFO,-76.7508327501171,39.17907917305699
30908200047-XFO,-76.7539894185801,39.17530640677735
30808400042-XFO,-76.75151596705722,39.18462750411611
31109200014-XFO,-76.7714410889664,39.14710449882928
31109400003-XFO,-76.76817642020119,39.14451549885853
31108300009-XFO,-76.75823341585725,39.14254883226011
31108300040-XFO,-76.75860664271579,39.14115595363824
30908100018-XFO,-76.75621606127017,39.181163448342886
31108100019-XFO,-76.76321442023573,39.14784216598186
31109200028-XFO,-76.77110598325093,39.14995777123407
31109100011-XFO,-76.77501675427487,39.14723216601329
30908200048-XFO,-76.74804127269218,39.17886384861092
31007300002-XFO,-76.74436308056879,39.16013550300725
31109200015-XFO,-76.76656875388889,39.14856683192333
31007100021-XFO,-76.74045744610397,39.1668948714289
31108200001-XFO,-76.75375074880675,39.148771831230825
30907100016-XFO,-76.74306634726545,39.17847888766832
30908200043-XFO,-76.75433370440109,39.17954206578069
31108300011-XFO,-76.76392075042142,39.14267383031279
30908200055-XFO,-76.75471333053989,39.17834811512929
31108300035-XFO,-76.75945651995801,39.13891437900982
30907100006-XFO,-76.74364308045047,39.17730883880693
31108100020-XFO,-76.7583355810744,39.148595333376846
30907100014-XFO,-76.74262408196819,39.17706583795111
30808400001-XFO,-76.75196425893547,39.18425713515442
31109200006-XFO,-76.76895475217543,39.149100166920405
31008400006-XFO,-76.74704274794995,39.15782750113546
31007100019-XFO,-76.74556534147409,39.16244431687208
31108300022-XFO,-76.7608047012651,39.14091040769396
31108300001-XFO,-76.75855675172912,39.144836832306346
30908200046-XFO,-76.75352108223491,39.1764158389013
30808300024-XFO,-76.76076104445283,39.18371803195928
31108100038-XFO,-76.75799293993089,39.149439921893176
30908200001-XFO,-76.7517090840499,39.18013817238472
31109100024-XFO,-76.77631174845347,39.15066540498017
30907100025-XFO,-76.74159595495519,39.17567606071356
31109200010-XFO,-76.76981675532667,39.14631949694987
31108300028-XFO,-76.75935037375585,39.141557935080144
31109200026-XFO,-76.77310223906932,39.15090147155927
31109200025-XFO,-76.77321916574671,39.150364651978016
30907300029-XFO,-76.74144747396112,39.174163794277966
31109200021-XFO,-76.76893355230888,39.14819736336779
31109100014-XFO,-76.7758024227468,39.15046983146173
31109200007-XFO,-76.7692504209885,39.14752349951876
31108300027-XFO,-76.75972696800116,39.14003780778063
31108100037-XFO,-76.75625104031398,39.15103151033169
31109200027-XFO,-76.77116111672584,39.15043286474776
31008400012-XFO,-76.7468900812254,39.15808183482782
31008400005-XFO,-76.74824141261651,39.15667883326345
31008400020-XFO,-76.75137385822448,39.15558227253831
31108300034-XFO,-76.75826178312697,39.14527929105184
31008400018-XFO,-76.74956452823493,39.15607063382727
30908100016-XFO,-76.75689400005493,39.18061950141903
30908200054-XFO,-76.75394521281206,39.17852133580983
31108300024-XFO,-76.76139758105884,39.14045623048067
31108200007-XFO,-76.75402841461577,39.1483298332214
31007100020-XFO,-76.7400224103137,39.16522317086922
31108300026-XFO,-76.76156488420122,39.13945158757756
31007100018-XFO,-76.74175429731777,39.16269117944248
30908200042-XFO,-76.75500744553068,39.17957396581774
30808400050-XFO,-76.75335787229105,39.18193750094334
31109400007-XFO,-76.77034285927779,39.14548314500267
30908200058-XFO,-76.7524702027091,39.17669319481589
31108300039-XFO,-76.75894225407743,39.14094574366595
30907100021-XFO,-76.73878790360352,39.17830583799228
31108300004-XFO,-76.7624994166579,39.14257316464059
31108300025-XFO,-76.7623235902908,39.14063129526818
30907300020-XFO,-76.73901707964043,39.17108550539191
30908200067-XFO,-76.75152541790588,39.176234839202486
31007100022-XFO,-76.73843996352657,39.16697488656849
31007100001-XFO,-76.74468774665993,39.161204503459565
31108100031-XFO,-76.75790141600561,39.14559116561115
31108300013-XFO,-76.76187941944512,39.142444498554745
31109400002-XFO,-76.76889908641508,39.144945830968005
30908200025-XFO,-76.7501310810977,39.1785235042531
31108200002-XFO,-76.75511208088389,39.14707883233968
30908200007-XFO,-76.75139908191903,39.178376173332296
31108100036-XFO,-76.75674331108317,39.14887050572478
31007200005-XFO,-76.73724507803337,39.16591716932207
31109200013-XFO,-76.7693084208374,39.14624183180692
30907300011-XFO,-76.73925841111215,39.16922383760049
31109400005-XFO,-76.76723241816559,39.1437998325041
31108300023-XFO,-76.76172534845077,39.14139144763998
31007100009-XFO,-76.74062307915335,39.16367883477869
30908100017-XFO,-76.75623814694781,39.18058150073484
30907300025-XFO,-76.74030217765635,39.169343904009885
30907300012-XFO,-76.739599747341,39.16837150430256
31108200010-XFO,-76.75124857245302,39.15290378541508
30908300002-XFO,-76.76042106235501,39.17104110671323
31109200003-XFO,-76.77450908800694,39.14853816441146
30907100001-XFO,-76.74002658210235,39.1762508374607
30908200045-XFO,-76.74779713689837,39.181494420094126
31109200020-XFO,-76.77360175601008,39.14803583049214
31108300006-XFO,-76.75898874924398,39.14137316375098
30908200061-XFO,-76.75071729615155,39.175996965439694
30908200002-XFO,-76.75002741618279,39.17977450639418
30908200011-XFO,-76.75037908171225,39.17785983912109
30908200057-XFO,-76.75192041601338,39.18152950504871
30908200036-XFO,-76.75462008519575,39.17653969257384
31007100011-XFO,-76.74032787011065,39.16255051884848
31108200003-XFO,-76.75396008113856,39.15008483366231
30908200033-XFO,-76.74749091653925,39.18166685069791
30808400008-XFO,-76.75133375380588,39.18197709274399
30907300010-XFO,-76.7394980808217,39.17069617122652
31008400022-XFO,-76.75201675819115,39.15696265962454
31007100008-XFO,-76.74643908156767,39.160618835681205
31108300033-XFO,-76.75886002434477,39.13875978600731
31109100012-XFO,-76.77542975481535,39.14982383271573
31007100016-XFO,-76.7411455651462,39.1654988212911
30908200026-XFO,-76.75294429525195,39.1798269644563
31208100006-XFO,-76.75973035976077,39.13842399754717
30908200029-XFO,-76.75406525627692,39.17971586675247
31108200006-XFO,-76.75464474885409,39.150774832369066
31109100023-XFO,-76.77874885031258,39.15147281775399
30907100023-XFO,-76.74089574506868,39.17679250618214
30907100020-XFO,-76.7400500865784,39.17739023648571
30907300006-XFO,-76.73906441306119,39.17243683912709
