se_lon,se_lat,re_lon,re_lat,se_busID,re_busID
-76.86462112058298,39.120378823608654,-76.86500511620025,39.12043782723136,411707_187_161377_473,31314202505
-76.86921012271236,39.13174982334275,-76.86922211819787,39.13166082945046,31214102015,411307_518_162629_345
-76.86876611652714,39.131565826681495,-76.8682951112935,39.13139182381096,411346_96_162618_855,411387_712_162599_597
-76.87040912323242,39.132327824188266,-76.87007212302207,39.13215982272202,411204_782_162703_244,31214102517
-76.86390911473003,39.124144823801934,-76.86396711650269,39.12412982085569,31214402000,31214402001
-76.86419711146378,39.11993382681038,-76.86420511184308,39.11939581827764,411743_927_161328_127,31314202001
-76.87656511955919,39.13523182882434,-76.8760631251145,39.13494182983551,31214102504,410715_536_162992_755
-76.86967511716645,39.12250382504816,-76.8701041204012,39.12310982417338,411269_802_161612_74,411232_609_161679_961
-76.85685011231749,39.12431282587218,-76.85711311552987,39.12466882532108,412378_506_161815_224,412355_702_161854_709
-76.86860311193962,39.12312782426554,-76.8688191158936,39.1227618213506,411362_402_161682_145,31314102505
-76.86549911837737,39.12301682034015,-76.86514411775401,39.12371082556802,31314202509,411661_414_161747_302
-76.86831912008537,39.12361782575205,-76.86860311193962,39.12312782426554,31314102503,411362_402_161682_145
-76.85304610648265,39.12660182721508,-76.85262411744829,39.126571823383806,31213302014,412743_527_162066_584
-76.87656511955919,39.13523182882434,-76.87693911781979,39.13476382857712,31214102504,410639_826_162972_892
-76.8641591102499,39.12317982290451,-76.86421411970838,39.12250882195959,411746_677_161688_48,411742_031_161613_983
-76.87764812238677,39.13391482715088,-76.87801711779383,39.13342882929216,410578_653_162878_559,410546_822_162824_564
-76.87728311676725,39.13568482494197,-76.87729111639757,39.1356538280838,31215202102,410609_26_163071_653
-76.85791010990536,39.12417382611781,-76.85756411746465,39.12384682323641,412286_871_161799_65,31313102033_9981091
-76.87439712159775,39.13419182306096,-76.87440611721837,39.13424582614572,31214102514,410858_904_162915_685
-76.86633311138719,39.12556682304921,-76.8665131201578,39.12497381954139,31214402003,411542_829_161887_337
-76.87178211560337,39.13317682619026,-76.87144611261587,39.13294582842511,411085_939_162797_327,31214102101_4854916
-76.86804111218136,39.12407181949231,-76.86831912008537,39.12361782575205,411410_848_161787_011,31314102503
-76.86964712102842,39.13194082768848,-76.86921012271236,39.13174982334275,411270_727_162660_376,31214102015
-76.87308011384506,39.13215182248168,-76.87442812420163,39.130822822354666,410973_872_162683_381,410857_524_162535_683
-76.86514411775401,39.12371082556802,-76.86467211303832,39.124318821882994,411661_414_161747_302,411702_129_161814_858
-76.86422611016293,39.12155882201409,-76.86421712076172,39.120900826177525,31314202002,31314202003
-76.8726091145166,39.133573824061145,-76.87221511883267,39.13341782846532,411014_375_162841_299,31214102010
-76.86660711767318,39.130657822954845,-76.86645211934983,39.13003382059723,31214402503,411547_282_162449_072
-76.86423411706312,39.12032082413175,-76.86462112058298,39.120378823608654,31314202004,411707_187_161377_473
-76.8749701184916,39.13442382197309,-76.87494011896823,39.13440882782325,31214102005,410812_71_162933_717
-76.85741410995573,39.126207828733975,-76.85788310826376,39.12629082097987,31213302503,31213302040
-76.85518311726605,39.1258498203056,-76.85417710778175,39.12580882091878,412522_382_161986_078,412609_378_161981_665
-76.86626711602173,39.12880482025308,-76.86613611733233,39.12720682594984,31214402506,31214402010
-76.87220411936066,39.1334758274628,-76.87220911816509,39.13344882717587,411049_406_162830_469,31214102503
-76.8760631251145,39.13494182983551,-76.87583411549203,39.13482082738157,410715_536_162992_755,31214102505
-76.86467211303832,39.124318821882994,-76.86401411943034,39.12494982302668,411702_129_161814_858,31214402504
-76.87442712198256,39.13415382378405,-76.87413312026388,39.13402382148883,31214102513,410882_541_162891_072
-76.87007212302207,39.13215982272202,-76.86964712102842,39.13194082768848,31214102517,411270_727_162660_376
-76.86749211273603,39.12509382624654,-76.86777511443213,39.1245828193013,411458_156_161900_536,411433_767_161843_772
-76.85262411744829,39.126571823383806,-76.85211211301035,39.12651682456544,412743_527_162066_584,TIEPOINT_31213302510
-76.87730511796825,39.135636826794645,-76.87763612043689,39.13580782768043,31215202522,TIEPOINT_31215202517
-76.87535412023084,39.13461982880208,-76.87499912331884,39.13443882406237,31214102001,410807_604_162937_04
-76.85682311714667,39.1242858231232,-76.85685011231749,39.12431282587218,31213302085_9981126,412378_506_161815_224
-76.86364012082153,39.12526181979183,-76.86297111490082,39.12560882695162,411791_21_161919_676,411849_001_161958_285
-76.87583411549203,39.13482082738157,-76.87544511737906,39.13559382509704,31214102505,410768_869_163065_208
-76.86921012271236,39.13174982334275,-76.86876611652714,39.131565826681495,31214102015,411346_96_162618_855
-76.85304610648265,39.12660182721508,-76.85308510797547,39.12666682332675,31213302014,31213302015
-76.87494011896823,39.13440882782325,-76.87471711857414,39.134292828971134,410812_71_162933_717,410832_008_162920_866
-76.87499912331884,39.13443882406237,-76.8749701184916,39.13442382197309,410807_604_162937_04,31214102005
-76.86831912008537,39.12361782575205,-76.86758011161186,39.12351482503394,31314102503,411450_801_161725_235
-76.87177912337302,39.131481820593415,-76.87308011384506,39.13215182248168,31214302509,410973_872_162683_381
-76.87102212017196,39.135786828580166,-76.87056911789699,39.13637282539417,411151_239_163087_165,411190_312_163152_274
-76.85788310826376,39.12629082097987,-76.85830611160405,39.1263808269782,31213302040,31213302039
-76.86420511184308,39.11939581827764,-76.8642081139343,39.11914382434284,31314202001,TIEPOINT_31314202007
-76.86421712076172,39.120900826177525,-76.86423411706312,39.12032082413175,31314202003,31314202004
-76.87221511883267,39.13341782846532,-76.87220911816509,39.13344882717587,31214102010,31214102503
-76.87304012097384,39.133698826144325,-76.8726091145166,39.133573824061145,31214102008,411014_375_162841_299
-76.86576111776532,39.12056182526528,-76.86647111548703,39.12066382264948,31314202042,411547_161_161408_876
-76.87079111884535,39.13236082754753,-76.87126711815239,39.13192982685469,411171_749_162706_861,411130_661_162658_956
-76.87222211623228,39.134421822438185,-76.87163811353237,39.13512082909647,411047_703_162935_485,411098_086_163013_155
-76.87069197361939,39.132400353062806,-76.87079111884535,39.13236082754753,PROTDEV_4904635,411171_749_162706_861
-76.87725111496023,39.134403821122696,-76.87764812238677,39.13391482715088,410612_905_162932_89,410578_653_162878_559
-76.8770031146603,39.13547882679121,-76.87656511955919,39.13523182882434,410634_186_163052_259,31214102504
-76.87494011896823,39.13440882782325,-76.8749701184916,39.13442382197309,410812_71_162933_717,31214102005
-76.86959912132322,39.122305827005775,-76.86967511716645,39.12250382504816,31314102004,411269_802_161612_74
-76.86401411943034,39.12494982302668,-76.86388311990532,39.12446382779995,31214402504,411770_33_161831_057
-76.8682951112935,39.13139182381096,-76.86779211495295,39.13120682932303,411387_712_162599_597,31214302501
-76.87060712318325,39.13243382293685,-76.87040912323242,39.132327824188266,31214102501,411204_782_162703_244
-76.86411311364753,39.12346082636321,-76.8641591102499,39.12317982290451,411750_608_161719_681,411746_677_161688_48
-76.86423511925477,39.12201882315426,-76.86422611016293,39.12155882201409,31314202047,31314202002
-76.87801711779383,39.13342882929216,-76.87838011829572,39.13294882327121,410546_822_162824_564,410515_508_162771_235
-76.87342412248627,39.13379882395908,-76.87304012097384,39.133698826144325,31214102007,31214102008
-76.86633311138719,39.12556682304921,-76.86719011364389,39.12569982662936,31214402003,411484_172_161967_848
-76.87366811606007,39.14051282589307,-76.87452911436263,39.13938282645138,31114302550,31114302551
-76.86925112152213,39.12197082120904,-76.86935511254828,39.121778824760106,411306_551_161553_622,31314102504
-76.86421411970838,39.12250882195959,-76.86423611001588,39.12212982019051,411742_031_161613_983,411740_192_161571_906
-76.86779211495295,39.13120682932303,-76.86660711767318,39.130657822954845,31214302501,31214402503
-76.85756411746465,39.12384682323641,-76.85679011445971,39.12425582239091,31313102033_9981091,412383_704_161808_904
-76.87144611261587,39.13294582842511,-76.87107711464212,39.13270182199068,31214102101_4854916,411146_968_162744_681
-81.51796145596731,37.58985733360807,-81.51795945884601,37.58982634126801,SOURCE_7773-1,31114303147
-76.86613611733233,39.12720682594984,-76.86620811639176,39.12613382004675,31214402010,411569_014_162016_151
-76.8688191158936,39.1227618213506,-76.86916911956608,39.12212181993262,31314102505,411313_618_161570_395
-76.87729111639757,39.1356538280838,-76.87730511796825,39.135636826794645,410609_26_163071_653,31215202522
-76.85825711604488,39.12449282111502,-76.85791010990536,39.12417382611781,412256_81_161835_016,412286_871_161799_65
-76.86401411943034,39.12494982302668,-76.86364012082153,39.12526181979183,31214402504,411791_21_161919_676
-76.86390911473003,39.124144823801934,-76.86404311642008,39.123858824098775,31214402000,31314202011
-76.86388311990532,39.12446382779995,-76.86390911473003,39.124144823801934,411770_33_161831_057,31214402000
-76.87693911781979,39.13476382857712,-76.87725111496023,39.134403821122696,410639_826_162972_892,410612_905_162932_89
-76.87413312026388,39.13402382148883,-76.87342412248627,39.13379882395908,410882_541_162891_072,31214102007
-76.86613611733233,39.12720682594984,-76.86620412088644,39.127230828668175,31214402010,411569_181_162137_934
-76.87221511883267,39.13341782846532,-76.87178211560337,39.13317682619026,31214102010,411085_939_162797_327
-76.86645211934983,39.13003382059723,-76.86626711602173,39.12880482025308,411547_282_162449_072,31214402506
-76.87177912337302,39.131481820593415,-76.87230811689516,39.13101182420508,31214302509,411040_797_162556_919
-76.85679011445971,39.12425582239091,-76.85682311714667,39.1242858231232,412383_704_161808_904,31213302085_9981126
-81.51795545785801,37.589763337687714,-81.51795145120093,37.58970133546022,31114303132,TIEPOINT_31114303153
-81.51795545785801,37.589763337687714,-81.51785645372935,37.58976733907529,31114303132,4932737
-76.87471711857414,39.134292828971134,-76.87442712198256,39.13415382378405,410832_008_162920_866,31214102513
-76.86297111490082,39.12560882695162,-76.85865811307076,39.1247458249636,411849_001_161958_285,412222_092_161863_049
-76.86626611907225,39.125866827991295,-76.86633311138719,39.12556682304921,411564_042_161986_504,31214402003
-76.85768411805604,39.1254148279087,-76.85741410995573,39.126207828733975,412306_198_161937_448,31213302503
-76.86719011364389,39.12569982662936,-76.86749211273603,39.12509382624654,411484_172_161967_848,411458_156_161900_536
-76.85417710778175,39.12580882091878,-76.85304610648265,39.12660182721508,412609_378_161981_665,31213302014
-76.86423411706312,39.12032082413175,-76.86419711751333,39.1199488250524,31314202004,411743_924_161329_792
-76.87583411549203,39.13482082738157,-76.87535412023084,39.13461982880208,31214102505,31214102001
-76.85741410995573,39.126207828733975,-76.85518311726605,39.1258498203056,31213302503,412522_382_161986_078
-81.51795945884601,37.58982634126801,-81.51795545785801,37.589763337687714,31114303147,31114303132
-76.85308510797547,39.12666682332675,-76.8531441148677,39.12664882735823,31213302015,31213302022
-76.87442712198256,39.13415382378405,-76.87439712159775,39.13419182306096,31214102513,31214102514
-76.86404311642008,39.123858824098775,-76.8640611190302,39.1237698195068,31314202011,31314202520
-76.87060712318325,39.13243382293685,-76.87069197361939,39.132400353062806,31214102501,PROTDEV_4904635
-76.86777511443213,39.1245828193013,-76.86804111218136,39.12407181949231,411433_767_161843_772,411410_848_161787_011
-76.86916911956608,39.12212181993262,-76.86925112152213,39.12197082120904,411313_618_161570_395,411306_551_161553_622
-76.87220911816509,39.13344882717587,-76.87220411936066,39.1334758274628,31214102503,411049_406_162830_469
-76.87220411936066,39.1334758274628,-76.87222211623228,39.134421822438185,411049_406_162830_469,411047_703_162935_485
-76.85865811307076,39.1247458249636,-76.85825711604488,39.12449282111502,412222_092_161863_049,412256_81_161835_016
-76.86500511620025,39.12043782723136,-76.86576111776532,39.12056182526528,31314202505,31314202042
-76.86620811639176,39.12613382004675,-76.86626611907225,39.125866827991295,411569_014_162016_151,411564_042_161986_504
-76.8701041204012,39.12310982417338,-76.87042312065955,39.12326382574935,411232_609_161679_961,411205_161697_018
-76.8665131201578,39.12497381954139,-76.8671681123938,39.12347382306822,411542_829_161887_337,31314202510
-76.87126711815239,39.13192982685469,-76.87177912337302,39.131481820593415,411130_661_162658_956,31214302509
-76.87163811353237,39.13512082909647,-76.87102212017196,39.135786828580166,411098_086_163013_155,411151_239_163087_165
-76.87107711464212,39.13270182199068,-76.87060712318325,39.13243382293685,411146_968_162744_681,31214102501
-76.85711311552987,39.12466882532108,-76.85768411805604,39.1254148279087,412355_702_161854_709,412306_198_161937_448
-76.87730511796825,39.135636826794645,-76.8770031146603,39.13547882679121,31215202522,410634_186_163052_259
-76.86935511254828,39.121778824760106,-76.86959912132322,39.122305827005775,31314102504,31314102004
-76.8671681123938,39.12347382306822,-76.86549911837737,39.12301682034015,31314202510,31314202509
-76.8640611190302,39.1237698195068,-76.86411311364753,39.12346082636321,31314202520,411750_608_161719_681
-76.86423611001588,39.12212982019051,-76.86423511925477,39.12201882315426,411740_192_161571_906,31314202047
-76.8640611190302,39.1237698195068,-76.86411811625058,39.12375382444618,31314202520,411750_127_161752_207
-76.86419711751333,39.1199488250524,-76.86419711146378,39.11993382681038,411743_924_161329_792,411743_927_161328_127
-76.86423511925477,39.12201882315426,-76.86486411637813,39.12198382461752,31314202047,411685_91_161555_618
-76.85532611167385,39.12652282669709,-76.85508211152822,39.12757982255606,31213302064,412530_811_162178_145
-76.85496410807164,39.127655820651285,-76.85496410807164,39.127655820651285,31213302048_LEG1,31213302048_LEG1_SEC_0
-76.86306911765693,39.12498882608836,-76.86306911765693,39.12498882608836,411840_63_161889_444,411840_63_161889_444_SEC_0
-76.86420511184308,39.11939581827764,-76.86521311589792,39.11980382600269,31314202001,411656_088_161313_565
-76.86922211819787,39.13166082945046,-76.8697921159904,39.130080825638544,411307_518_162629_345,411258_485_162453_873
-76.85749611245527,39.12829882300539,-76.85765011759533,39.12841882464193,31213302051,412308_618_162270_936
-76.87042811178247,39.12635082433142,-76.87042811178247,39.12635082433142,411204_082_162039_715,411204_082_162039_715_SEC_0
-76.85536911138507,39.126311823830086,-76.85532611167385,39.12652282669709,412506_218_162037_341,31213302064
-76.85599811169422,39.12906582799865,-76.85599552870556,39.12906776153008,412451_347_162342_986,PROTDEV_10174392
-76.85506726612026,39.12757209340863,-76.85506411142497,39.1275708283969,PROTDEV_10174512,TIEPOINT_10173607
-76.87442812420163,39.130822822354666,-76.87479311906674,39.13065482770666,410857_524_162535_683,410825_991_162516_99
-76.86411811625058,39.12375382444618,-76.86317211879869,39.12387382657746,411750_127_161752_207,411831_909_161765_651
-76.8754391190036,39.13352482683959,-76.8754391190036,39.13352482683959,410769_701_162835_522,410769_701_162835_522_SEC_0
-76.85607511261834,39.12911782626843,-76.8560901137551,39.12912882535439,412444_68_162348_748,TIEPOINT_10173442
-76.85499911629614,39.12761582370403,-76.85501295346789,39.12762456950924,31213302047_LEG1,PROTDEV_10173622
-76.86311311794017,39.122767825666536,-76.86311311794017,39.122767825666536,411837_195_161642_878,411837_195_161642_878_SEC_0
-76.87342412248627,39.13379882395908,-76.8755851232993,39.13194182216717,31214102007,410757_317_162659_77
-76.85851210792497,39.12640882027969,-76.85981011542503,39.12728482526365,412234_431_162047_683,412122_045_162144_758
-76.87750311574115,39.13253982429553,-76.87889111951716,39.13236882805032,410591_395_162725_932,31215202015
-76.87304012315177,39.13660582400249,-76.87304012315177,39.13660582400249,410976_642_163177_84,410976_642_163177_84_SEC_0
-76.85501610818302,39.1276258255144,-76.85501876547104,39.127627143959714,412536_51_162183_261,PROTDEV_10174527
-76.8707651152046,39.12859582874827,-76.8707651152046,39.12859582874827,411174_589_162288_899,411174_589_162288_899_SEC_0
-76.85358311690233,39.12651582494956,-76.85375911287389,39.12646482555762,31213302072,31213302020
-76.85677311017636,39.12117482356649,-76.85677311017636,39.12117482356649,412385_711_161466_875,412385_711_161466_875_SEC_0
-76.85593369410537,39.1290308881485,-76.85593369410537,39.1290308881485,PROTDEV_10173432,PROTDEV_10173432_SEC_0
-76.8616271144765,39.12378382488667,-76.8616271144765,39.12378382488667,411965_523_161755_861,411965_523_161755_861_SEC_0
-76.86396711650269,39.12412982085569,-76.86126511399208,39.12473082500777,31214402001,411996_666_161861_038
-76.86423511925477,39.12201882315426,-76.86419711928951,39.12201882416697,31314202047,31314202049
-76.85220911095574,39.12459582391961,-76.85265011046404,39.12395682438833,31213302044,31313102018_LEG2
-76.85601111434204,39.12905282751444,-76.85601111434204,39.12905282751444,31213302017_LEG1,31213302017_LEG1_SEC_0
-76.87838011829572,39.13294882327121,-76.87884412292998,39.13258182577224,410515_508_162771_235,410475_444_162730_44
-76.85600011218125,39.12908882770125,-76.85749611245527,39.12829882300539,31213302017_LEG3,31213302051
-76.86626711602173,39.12880482025308,-76.86459611810669,39.12895482046319,31214402506,31214402007
-76.86747212253641,39.131289827273946,-76.86747212253641,39.131289827273946,411458_886_162588_377,411458_886_162588_377_SEC_0
-76.87889111951716,39.13236882805032,-76.87894911940712,39.131935823220296,31215202015,410466_461_162658_713
-76.86976311350756,39.12796982154825,-76.86976311350756,39.12796982154825,411261_327_162219_527,411261_327_162219_527_SEC_0
-76.87416811740584,39.136135827472486,-76.87417711777852,39.13612182983177,410879_192_163125_529,31214102526_LEG3
-76.85375911287389,39.12646482555762,-76.8559301072958,39.12900882331927,31213302020,31213302018_LEG1
-76.85503311163978,39.1276358273366,-76.85533011196024,39.12655182817961,31213302047_LEG3,31213302063
-76.8536081093874,39.1265548244995,-76.85361632920655,39.12656744587626,412658_446_162064_56,PROTDEV_10173792
-76.87325912373433,39.13687882951732,-76.87416811848158,39.13615482515841,410957_666_163208_121,31214102526_LEG2
-76.85265011046404,39.12395682438833,-76.85265011046404,39.12395682438833,31313102018_LEG2,31313102018_LEG2_SEC_0
-76.85607511261834,39.12911782626843,-76.85607252962988,39.129119759801526,412444_68_162348_748,PROTDEV_10174382
-76.86788911408313,39.131089826680686,-76.86788911408313,39.131089826680686,411422_864_162566_122,411422_864_162566_122_SEC_0
-76.87332511325381,39.12899682795884,-76.87332511325381,39.12899682795884,410953_175_162333_105,410953_175_162333_105_SEC_0
-76.8697921159904,39.130080825638544,-76.8697921159904,39.130080825638544,411258_485_162453_873,411258_485_162453_873_SEC_0
-76.85757511519101,39.128442820733405,-76.85607611648928,39.129141824625805,412315_099_162273_61,31213302016_LEG3
-76.85502526390881,39.12761069450401,-76.85501111269936,39.12760282208128,PROTDEV_10173617,31213302047_LEG2
-76.87888111602086,39.132381825149146,-76.87750311574115,39.13253982429553,31215202014,410591_395_162725_932
-76.85599811169422,39.12906582799865,-76.85601410945054,39.12907582843874,412451_347_162342_986,412449_962_162344_094
-76.87042312065955,39.12326382574935,-76.87020011915881,39.12381781951903,411205_161697_018,411224_196_161758_546
-76.8604151181721,39.1227368268025,-76.8604151181721,39.1227368268025,412070_504_161639_79,412070_504_161639_79_SEC_0
-76.86795511194381,39.12663482282554,-76.86795511194381,39.12663482282554,411417_873_162071_549,411417_873_162071_549_SEC_0
-76.85360683094926,39.12655226464889,-76.85359811347156,39.126539822808496,PROTDEV_10173802,31213302066_LEG2
-76.87417711777852,39.13612182983177,-76.87418611462472,39.1361098229349,31214102526_LEG3,410877_64_163122_64
-76.86923411520851,39.132155828120695,-76.86923411520851,39.132155828120695,411306_402_162684_295,411306_402_162684_295_SEC_0
-76.87728311676725,39.13568482494197,-76.87760312081394,39.13550582099794,31215202102,410582_307_163055_186
-76.86859411334906,39.13133282421585,-76.86859411334906,39.13133282421585,411361_869_162593_01,411361_869_162593_01_SEC_0
-76.8560891078559,39.12910582687479,-76.85607710590256,39.12911582895566,31213302016_LEG1,PROTDEV_10173447
-76.85503110845778,39.12761432292234,-76.85504511007854,39.12762182583237,PROTDEV_10174522,412534_003_162182_813
-76.85592852810872,39.12903476421635,-76.85591610966564,39.129044828824505,PROTDEV_10174367,31213302018_LEG3
-81.51785645372935,37.58976733907529,-76.87194412431253,39.14182482962273,4932737,411070_585_163757_353
-76.87426411577282,39.14208282292324,-76.87381012353164,39.14060582328243,410869_983_163785_715,410909_457_163621_802
-76.855898614231,39.12903482202567,-76.85586211848769,39.12898982307557,31213302018_LEG4-1,412463_119_162334_567
-76.85501111269936,39.12760282208128,-76.85503511158983,39.12757382820563,31213302047_LEG2,31213302046_LEG1
-76.85441311794985,39.127646823209446,-76.85496410807164,39.127655820651285,31213302060,31213302048_LEG1
-76.85361811687237,39.12656982620403,-76.85370910772104,39.12698682705879,31213302066_LEG3,412649_636_162112_504
-76.87479311906674,39.13065482770666,-76.87479311906674,39.13065482770666,410825_991_162516_99,410825_991_162516_99_SEC_0
-76.85607611648928,39.129141824625805,-76.85608807276924,39.12913153423524,31213302016_LEG3,PROTDEV_10174377
-76.85499411614508,39.12765182222696,-76.85499096144754,39.12765055721328,412538_407_162186_15,PROTDEV_10173627
-76.85601611431885,39.12907382213331,-76.85602711007265,39.12906382783051,PROTDEV_10173452,31213302017_LEG2
-76.87028911524388,39.1254748200774,-76.87028911524388,39.1254748200774,411216_239_161942_484,411216_239_161942_484_SEC_0
-76.85594611254355,39.12902082353843,-76.85601111434204,39.12905282751444,31213302018_LEG2,31213302017_LEG1
-76.85749211196634,39.12830982583343,-76.85606011119233,39.12912982442473,31213302052,412445_975_162350_082
-76.85713811049612,39.12221482209013,-76.85713811049612,39.12221482209013,412353_967_161582_279,412353_967_161582_279_SEC_0
-76.85370910772104,39.12698682705879,-76.85471911187642,39.12796182297266,412649_636_162112_504,31213302074
-76.86396711650269,39.12412982085569,-76.85635011259693,39.12141882656913,31214402001,412422_247_161494_02
-76.85359698925147,39.12657470013172,-76.85359911281864,39.12657682865718,PROTDEV_10173797,31213302066_LEG4
-76.86852411484263,39.134023825742,-76.86947712289603,39.13475282950134,31214102014,411284_979_162972_567
-76.8549811135675,39.12766482260288,-76.85498424388607,39.12766670012611,412539_529_162187_595,PROTDEV_10174537
-76.85358011351207,39.126547826393725,-76.85358782485883,39.12656025797063,31213302066_LEG1,PROTDEV_10173807
-76.86297411241705,39.12171282397199,-76.86297411241705,39.12171282397199,411849_391_161525_777,411849_391_161525_777_SEC_0
-76.87833112324138,39.13165882035788,-76.87837812479788,39.13165982397669,410519_935_162628_033,31215202039
-76.85359911281864,39.12657682865718,-76.85229310912818,39.124682820404736,31213302066_LEG4,31213302078
-76.86720311947691,39.12639582144181,-76.86720311947691,39.12639582144181,411482_935_162045_111,411482_935_162045_111_SEC_0
-76.86827111534491,39.13258882349293,-76.86796911424594,39.133113825571606,411389_595_162732_483,31214102012
-76.85501110803988,39.12766182403798,-76.85464010954422,39.12755482767917,31213302048_LEG4,31213302055
-76.86742211554302,39.12864582730806,-76.86742211554302,39.12864582730806,411463_636_162294_864,411463_636_162294_864_SEC_0
-76.85503511158983,39.12757382820563,-76.85503511158983,39.12757382820563,31213302046_LEG1,31213302046_LEG1_SEC_0
-76.86419011103283,39.12155882534227,-76.86357611276439,39.12166182068513,31314202048,411797_342_161520_037
-76.87393111758071,39.13604582699939,-76.87414911555236,39.13614782362662,410899_696_163115_566,410880_833_163126_863
-76.87012211580814,39.135132824174654,-76.86851411984179,39.1340248234173,411229_154_163014_672,31214102013
-76.87415912398319,39.13613282719143,-76.87414911555236,39.13614782362662,410879_97_163125_197,410880_833_163126_863
-76.85358911484278,39.1265628268438,-76.8536081093874,39.1265548244995,412660_087_162065_451,412658_446_162064_56
-76.87416811740584,39.136135827472486,-76.87415912398319,39.13613282719143,410879_192_163125_529,410879_97_163125_197
-76.85591830233011,39.129018636459726,-76.8559161120505,39.12902082269421,PROTDEV_10173437,412458_445_162338_001
-76.86405411553613,39.12196482689565,-76.86405411553613,39.12196482689565,411755_957_161553_613,411755_957_161553_613_SEC_0
-76.87304012097384,39.133698826144325,-76.87421112093551,39.1329198228165,31214102008,410875_966_162768_504
-76.85529311297063,39.12630882045843,-76.85506910694188,39.12759382282006,412512_79_162037_018,31213302046_LEG3
-76.8549811135675,39.12766482260288,-76.85499411614508,39.12765182222696,412539_529_162187_595,412538_407_162186_15
-76.87381012353164,39.14060582328243,-76.87366811606007,39.14051282589307,410909_457_163621_802,31114302550
-76.86255811013913,39.12228982716116,-76.86255811013913,39.12228982716116,411885_268_161589_886,411885_268_161589_886_SEC_0
-76.85505211505519,39.12758382101728,-76.85505510736232,39.12758532003477,412533_404_162178_593,PROTDEV_10174517
-76.85504511007854,39.12762182583237,-76.85529311297063,39.12630882045843,412534_003_162182_813,412512_79_162037_018
-76.85508211152822,39.12757982255606,-76.85506726612026,39.12757209340863,412530_811_162178_145,PROTDEV_10174512
-76.86839011193698,39.12101982554974,-76.86846611632865,39.120991824102965,411381_158_161448_156,411374_59_161445_038
-76.87417712062619,39.13613982764152,-76.8741841246169,39.13614282578588,410878_413_163125_972,410877_807_163126_304
-76.85501295346789,39.12762456950924,-76.85501610818302,39.1276258255144,PROTDEV_10173622,412536_51_162183_261
-76.8671421178401,39.12997782779002,-76.8671421178401,39.12997782779002,411487_631_162442_769,411487_631_162442_769_SEC_0
-76.85830611160405,39.1263808269782,-76.85851210792497,39.12640882027969,31213302039,412234_431_162047_683
-76.8688191158936,39.1227618213506,-76.86884712021883,39.12310282129957,31314102505,411341_306_161679_339
-76.87145812166335,39.1300778273064,-76.87145812166335,39.1300778273064,411114_436_162453_336,411114_436_162453_336_SEC_0
-76.85497846786227,39.127663495163134,-76.8549811135675,39.12766482260288,PROTDEV_10173632,412539_529_162187_595
-76.87230811689516,39.13101182420508,-76.87269611579968,39.13050482091258,411040_797_162556_919,411007_328_162500_588
-76.85501610818302,39.1276258255144,-76.85502811614991,39.12761282390424,412536_51_162183_261,412535_474_162181_816
-76.85924310803125,39.121796824250005,-76.85924310803125,39.121796824250005,412172_012_161535_593,412172_012_161535_593_SEC_0
-76.86349511864927,39.12355282693039,-76.86349511864927,39.12355282693039,411804_032_161729_974,411804_032_161729_974_SEC_0
-76.85501876547104,39.127627143959714,-76.85503311163978,39.1276358273366,PROTDEV_10174527,31213302047_LEG3
-76.86411811625058,39.12375382444618,-76.86349511864927,39.12355282693039,411750_127_161752_207,411804_032_161729_974
-76.86459611810669,39.12895482046319,-76.86437211309047,39.1290498203136,31214402007,411727_29_162340_1
-76.87894911940712,39.131935823220296,-76.87894911940712,39.131935823220296,410466_461_162658_713,410466_461_162658_713_SEC_0
-76.86899911440386,39.13337682341714,-76.86899911440386,39.13337682341714,411326_526_162819_871,411326_526_162819_871_SEC_0
-76.87028011366124,39.12941382536052,-76.87028011366124,39.12941382536052,411216_396_162379_767,411216_396_162379_767_SEC_0
-76.85765011759533,39.12841882464193,-76.85749211196634,39.12830982583343,412308_618_162270_936,31213302052
-76.85471911187642,39.12796182297266,-76.85441311794985,39.127646823209446,31213302074,31213302060
-76.8673361120215,39.12779882242872,-76.8673361120215,39.12779882242872,411471_209_162200_846,411471_209_162200_846_SEC_0
-76.8559161120505,39.12902082269421,-76.85591352904298,39.12902276523176,412458_445_162338_001,PROTDEV_10174372
-76.85599552870556,39.12906776153008,-76.85598411644918,39.12907782738157,PROTDEV_10174392,412452_555_162344_32
-76.87884412292998,39.13258182577224,-76.87888111602086,39.132381825149146,410475_444_162730_44,31215202014
-76.85499411614508,39.12765182222696,-76.85499710845386,39.12765332124589,412538_407_162186_15,PROTDEV_10174532
-76.87416811848158,39.13615482515841,-76.87417712062619,39.13613982764152,31214102526_LEG2,410878_413_163125_972
-76.86419011103283,39.12155882534227,-76.86224411634802,39.12067282048451,31314202048,411912_691_161410_418
-76.85601410945054,39.12907582843874,-76.85601121372397,39.12907799579247,412449_962_162344_094,PROTDEV_10174387
-76.87535412023084,39.13461982880208,-76.87586611447098,39.134008824767065,31214102001,410732_71_162889_202
-76.85711111038081,39.1227028215868,-76.85711111038081,39.1227028215868,412356_217_161636_457,412356_217_161636_457_SEC_0
-76.87269611579968,39.13050482091258,-76.87269611579968,39.13050482091258,411007_328_162500_588,411007_328_162500_588_SEC_0
-76.86576111776532,39.12056182526528,-76.8657351101476,39.12094782202927,31314202042,411610_761_161440_497
-76.86922211819787,39.13166082945046,-76.86859411334906,39.13133282421585,411307_518_162629_345,411361_869_162593_01
-76.85607252962988,39.129119759801526,-76.85606011119233,39.12912982442473,PROTDEV_10174382,412445_975_162350_082
-76.86422611016293,39.12155882201409,-76.86553011000166,39.12172082003652,31314202002,411628_362_161526_336
-76.8687211225257,39.12877382384696,-76.8687211225257,39.12877382384696,411351_296_162308_911,411351_296_162308_911_SEC_0
-76.86422611016293,39.12155882201409,-76.86419011103283,39.12155882534227,31314202002,31314202048
-76.8755851232993,39.13194182216717,-76.8755851232993,39.13194182216717,410757_317_162659_77,410757_317_162659_77_SEC_0
-76.85591610966564,39.129044828824505,-76.8559091100126,39.12905182838903,31213302018_LEG3,31213302032
-76.85359811347156,39.126539822808496,-76.85358311690233,39.12651582494956,31213302066_LEG2,31213302072
-76.85635011259693,39.12141882656913,-76.85635011259693,39.12141882656913,412422_247_161494_02,412422_247_161494_02_SEC_0
-76.85502811614991,39.12761282390424,-76.85502526390881,39.12761069450401,412535_474_162181_816,PROTDEV_10173617
-76.87442712198256,39.13415382378405,-76.8754391190036,39.13352482683959,31214102513,410769_701_162835_522
-76.86620412088644,39.127230828668175,-76.86708811778705,39.127020823648856,411569_181_162137_934,411492_778_162114_509
-76.86620412088644,39.127230828668175,-76.86953911999238,39.12712482666231,411569_181_162137_934,411280_829_162125_749
-76.85593111111625,39.129032821678486,-76.85593369410537,39.1290308881485,412457_146_162339_331,PROTDEV_10173432
-76.86396711650269,39.12412982085569,-76.86306911765693,39.12498882608836,31214402001,411840_63_161889_444
-76.87194412431253,39.14182482962273,-76.87231711829702,39.14226783053567,411070_585_163757_353,411038_271_163806_487
-76.8559091100126,39.12905182838903,-76.85580510823114,39.12894082187608,31213302032,412468_057_162329_135
-76.86419711928951,39.12201882416697,-76.86297411241705,39.12171282397199,31314202049,411849_391_161525_777
-76.86809211513103,39.13367682383023,-76.86809211513103,39.13367682383023,411404_897_162853_288,411404_897_162853_288_SEC_0
-76.85602711007265,39.12906382783051,-76.8560891078559,39.12910582687479,31213302017_LEG2,31213302016_LEG1
-76.86845811189798,39.12981382748416,-76.86845811189798,39.12981382748416,411373_871_162424_398,411373_871_162424_398_SEC_0
-76.85500161140057,39.1276768240103,-76.85491811088335,39.12771382885964,31213302048_LEG3-1,412544_968_162193_044
-76.8531441148677,39.12664882735823,-76.85356211419014,39.12652182501903,31213302022,31213302071
-76.87353111907915,39.13563982389086,-76.87353111907915,39.13563982389086,410934_341_163070_542,410934_341_163070_542_SEC_0
-76.8560004294466,39.12906351580828,-76.85599811169422,39.12906582799865,PROTDEV_10173457,412451_347_162342_986
-76.8704971144427,39.13102082694124,-76.8704971144427,39.13102082694124,411197_38_162558_139,411197_38_162558_139_SEC_0
-76.87494211643735,39.13219482794694,-76.87494211643735,39.13219482794694,410812_874_162687_933,410812_874_162687_933_SEC_0
-76.8536081093874,39.1265548244995,-76.85360683094926,39.12655226464889,412658_446_162064_56,PROTDEV_10173802
-76.85593111111625,39.129032821678486,-76.85592852810872,39.12903476421635,412457_146_162339_331,PROTDEV_10174367
-76.87333312302876,39.12966182878856,-76.87333312302876,39.12966182878856,410952_38_162406_928,410952_38_162406_928_SEC_0
-76.86225011303073,39.12513482184546,-76.86225011303073,39.12513482184546,411911_425_161905_758,411911_425_161905_758_SEC_0
-76.87007212302207,39.13215982272202,-76.86958711226482,39.133286823406856,31214102517,411275_702_162809_807
-76.85499096144754,39.12765055721328,-76.85497611603473,39.12764282805445,PROTDEV_10173627,31213302048_LEG2
-76.86486411637813,39.12198382461752,-76.86486411637813,39.12198382461752,411685_91_161555_618,411685_91_161555_618_SEC_0
-76.87440611721837,39.13424582614572,-76.87418412097635,39.13486382829169,410858_904_162915_685,410878_003_162984_318
-76.86947712289603,39.13475282950134,-76.86947712289603,39.13475282950134,411284_979_162972_567,411284_979_162972_567_SEC_0
-76.85601410945054,39.12907582843874,-76.85601611431885,39.12907382213331,412449_962_162344_094,PROTDEV_10173452
-76.87415912398319,39.13613282719143,-76.87415311471112,39.136129830113504,410879_97_163125_197,410880_49_163124_865
-76.87054112235504,39.12750781996504,-76.87054112235504,39.12750781996504,411194_128_162168_143,411194_128_162168_143_SEC_0
-76.86224411634802,39.12067282048451,-76.86224411634802,39.12067282048451,411912_691_161410_418,411912_691_161410_418_SEC_0
-76.87436512203848,39.12954882711462,-76.87436512203848,39.12954882711462,410863_166_162394_26,410863_166_162394_26_SEC_0
-76.86953911999238,39.12712482666231,-76.86953911999238,39.12712482666231,411280_829_162125_749,411280_829_162125_749_SEC_0
-76.85356211419014,39.12652182501903,-76.85358011351207,39.126547826393725,31213302071,31213302066_LEG1
-76.8609291100297,39.12238582178297,-76.8609291100297,39.12238582178297,412026_117_161600_756,412026_117_161600_756_SEC_0
-76.85361632920655,39.12656744587626,-76.85361811687237,39.12656982620403,PROTDEV_10173792,31213302066_LEG3
-76.87330811731337,39.137561826102086,-76.87330811731337,39.137561826102086,410953_325_163283_937,410953_325_163283_937_SEC_0
-76.87728311676725,39.13568482494197,-76.87619612350971,39.137234826054765,31215202102,410703_692_163247_293
-76.85505211505519,39.12758382101728,-76.85506411142497,39.1275708283969,412533_404_162178_593,TIEPOINT_10173607
-76.85498424388607,39.12766670012611,-76.85499310966891,39.12767182309728,PROTDEV_10174537,31213302048_LEG3
-76.86358411966064,39.12109282508996,-76.86358411966064,39.12109282508996,411796_744_161456_87,411796_744_161456_87_SEC_0
-76.85502811614991,39.12761282390424,-76.85503110845778,39.12761432292234,412535_474_162181_816,PROTDEV_10174522
-76.86779211495295,39.13120682932303,-76.86788911408313,39.131089826680686,31214302501,411422_864_162566_122
-76.86796911424594,39.133113825571606,-76.86899911440386,39.13337682341714,31214102012,411326_526_162819_871
-76.86855711349752,39.13400482902216,-76.86852411484263,39.134023825742,411364_641_162889_643,31214102014
-76.85506910694188,39.12759382282006,-76.85505510736232,39.12758532003477,31213302046_LEG3,PROTDEV_10174517
-76.85608807276924,39.12913153423524,-76.8560901137551,39.12912882535439,PROTDEV_10174377,TIEPOINT_10173442
-76.86970111716876,39.13095882600454,-76.86970111716876,39.13095882600454,411266_214_162551_354,411266_214_162551_354_SEC_0
-76.86959912132322,39.122305827005775,-76.86926511164486,39.12183382599007,31314102004,411305_363_161538_412
-76.8623771107852,39.12393682507502,-76.8623771107852,39.12393682507502,411900_644_161772_748,411900_644_161772_748_SEC_0
-76.87417712062619,39.13613982764152,-76.87416811740584,39.136135827472486,410878_413_163125_972,410879_192_163125_529
-76.85533011196024,39.12655182817961,-76.85536911138507,39.126311823830086,31213302063,412506_218_162037_341
-76.85783011597917,39.1221908196889,-76.85783011597917,39.1221908196889,412294_131_161579_521,412294_131_161579_521_SEC_0
-76.87452911436263,39.13938282645138,-76.87728311676725,39.13568482494197,31114302551,31215202102
-76.85358782485883,39.12656025797063,-76.85358911484278,39.1265628268438,PROTDEV_10173807,412660_087_162065_451
-76.85607710590256,39.12911582895566,-76.85607511261834,39.12911782626843,PROTDEV_10173447,412444_68_162348_748
-76.8559161120505,39.12902082269421,-76.85593111111625,39.129032821678486,412458_445_162338_001,412457_146_162339_331
-76.87231711829702,39.14226783053567,-76.8728211238425,39.14244982447333,411038_271_163806_487,410994_672_163826_63
-76.85598411644918,39.12907782738157,-76.85757511519101,39.128442820733405,412452_555_162344_32,412315_099_162273_61
-76.87031511445119,39.13034382434543,-76.87031511445119,39.13034382434543,411213_223_162483_005,411213_223_162483_005_SEC_0
-76.87440611721837,39.13424582614572,-76.87304012315177,39.13660582400249,410858_904_162915_685,410976_642_163177_84
-76.85504958614092,39.12758193523167,-76.85505211505519,39.12758382101728,PROTDEV_10173612,412533_404_162178_593
-76.85499710845386,39.12765332124589,-76.85501110803988,39.12766182403798,PROTDEV_10174532,31213302048_LEG4
-76.86922211819787,39.13166082945046,-76.86970111716876,39.13095882600454,411307_518_162629_345,411266_214_162551_354
-76.86357611276439,39.12166182068513,-76.86357611276439,39.12166182068513,411797_342_161520_037,411797_342_161520_037_SEC_0
-76.8559301072958,39.12900882331927,-76.8559301072958,39.12900882331927,31213302018_LEG1,31213302018_LEG1_SEC_0
-76.86723511933727,39.13201382304122,-76.86723511933727,39.13201382304122,411479_261_162668_78,411479_261_162668_78_SEC_0
-76.86411811625058,39.12375382444618,-76.85713811049612,39.12221482209013,411750_127_161752_207,412353_967_161582_279
-76.87492112125344,39.13018482279998,-76.87492112125344,39.13018482279998,410814_995_162464_798,410814_995_162464_798_SEC_0
-76.86197311981545,39.12479282486757,-76.86197311981545,39.12479282486757,411935_434_161867_828,411935_434_161867_828_SEC_0
-76.87418412097635,39.13486382829169,-76.87418412097635,39.13486382829169,410878_003_162984_318,410878_003_162984_318_SEC_0
-76.85358911484278,39.1265628268438,-76.85359698925147,39.12657470013172,412660_087_162065_451,PROTDEV_10173797
-76.86421712076172,39.120900826177525,-76.86358411966064,39.12109282508996,31314202003,411796_744_161456_87
-76.8728211238425,39.14244982447333,-76.87426411577282,39.14208282292324,410994_672_163826_63,410869_983_163785_715
-76.86708811778705,39.127020823648856,-76.86708811778705,39.127020823648856,411492_778_162114_509,411492_778_162114_509_SEC_0
-76.85601121372397,39.12907799579247,-76.85600011218125,39.12908882770125,PROTDEV_10174387,31213302017_LEG3
-76.85497611603473,39.12764282805445,-76.85499911629614,39.12761582370403,31213302048_LEG2,31213302047_LEG1
-76.85591352904298,39.12902276523176,-76.85590610916556,39.12902882295087,PROTDEV_10174372,31213302018_LEG4
-76.86851411984179,39.1340248234173,-76.86809211513103,39.13367682383023,31214102013,411404_897_162853_288
-76.86126511399208,39.12473082500777,-76.86126511399208,39.12473082500777,411996_666_161861_038,411996_666_161861_038_SEC_0
-76.86926511164486,39.12183382599007,-76.86839011193698,39.12101982554974,411305_363_161538_412,411381_158_161448_156
-76.86317211879869,39.12387382657746,-76.86317211879869,39.12387382657746,411831_909_161765_651,411831_909_161765_651_SEC_0
-76.86058210848357,39.124546820059685,-76.86058210848357,39.124546820059685,412055_757_161840_701,412055_757_161840_701_SEC_0
-76.86419711928951,39.12201882416697,-76.86405411553613,39.12196482689565,31314202049,411755_957_161553_613
-76.85229310912818,39.124682820404736,-76.85220911095574,39.12459582391961,31213302078,31213302044
-76.86423611001588,39.12212982019051,-76.86426511174824,39.12215748789486,411740_192_161571_906,411740_192_161571_906-1
-76.87056911789699,39.13637282539417,-76.87054478461224,39.13638282557182,411190_312_163152_274,411190_312_163152_274-1
-76.86647111548703,39.12066382264948,-76.86650311557297,39.120711489408784,411547_161_161408_876,411547_161_161408_876-1
-76.85499310966891,39.12767182309728,-76.85500161140057,39.1276768240103,31213302048_LEG3,31213302048_LEG3-1
-76.87838011829572,39.13294882327121,-76.87840145229089,39.13298115716673,410515_508_162771_235,410515_508_162771_235-1
-76.87308011384506,39.13215182248168,-76.87304111542808,39.13216682333009,410973_872_162683_381,410973_872_162683_381-1
-76.85830611160405,39.1263808269782,-76.85832911226991,39.12640749277036,31213302039,31213302039-1
-76.87413312026388,39.13402382148883,-76.87418311990182,39.13400215610939,410882_541_162891_072,410882_541_162891_072-1
-76.85590610916556,39.12902882295087,-76.855898614231,39.12903482202567,31213302018_LEG4,31213302018_LEG4-1
-76.87442812420163,39.130822822354666,-76.87439012243398,39.13082848980372,410857_524_162535_683,410857_524_162535_683-1
-76.86804111218136,39.12407181949231,-76.8680027802774,39.12406815418039,411410_848_161787_011,411410_848_161787_011-1
-76.87040912323242,39.132327824188266,-76.87041212141074,39.13228982448303,411204_782_162703_244,411204_782_162703_244-1
-76.8641591102499,39.12317982290451,-76.86427422934506,39.12318839394644,411746_677_161688_48,411746_677_161688_48-1
-76.86388311990532,39.12446382779995,-76.86392078502303,39.12447549312182,411770_33_161831_057,411770_33_161831_057-1
-76.87535412023084,39.13461982880208,-76.87532945330302,39.13463149433786,31214102001,31214102001-1
-76.87102212017196,39.135786828580166,-76.87099745283535,39.13579816098987,411151_239_163087_165,411151_239_163087_165-1
-76.87230811689516,39.13101182420508,-76.87225778402777,39.13102282441538,411040_797_162556_919,411040_797_162556_919-1
-76.8682951112935,39.13139182381096,-76.86834458729375,39.1313104029031,411387_712_162599_597,411387_712_162599_597-1
-76.87801711779383,39.13342882929216,-76.87804278525856,39.1334598278852,410546_822_162824_564,410546_822_162824_564-1
-76.8760631251145,39.13494182983551,-76.87612079001708,39.13492649505108,410715_536_162992_755,410715_536_162992_755-1
-76.87042312065955,39.12326382574935,-76.87045911955214,39.12324449159049,411205_161697_018,411205_161697_018-1
-76.87107711464212,39.13270182199068,-76.87114011580715,39.132689823070464,411146_968_162744_681,411146_968_162744_681-1
-76.86421712076172,39.120900826177525,-76.86424378553761,39.12093882513199,31314202003,31314202003-1
-76.87126711815239,39.13192982685469,-76.87125611809446,39.13190315955953,411130_661_162658_956,411130_661_162658_956-1
-76.87163811353237,39.13512082909647,-76.87162278177489,39.13509349460006,411098_086_163013_155,411098_086_163013_155-1
-76.86964712102842,39.13194082768848,-76.86963578650362,39.13189716012836,411270_727_162660_376,411270_727_162660_376-1
-76.86411311364753,39.12346082636321,-76.86409078083788,39.12343949208312,411750_608_161719_681,411750_608_161719_681-1
-76.86421411970838,39.12250882195959,-76.86426711827643,39.1224854891024,411742_031_161613_983,411742_031_161613_983-1
-76.86749211273603,39.12509382624654,-76.8674401139654,39.12510315876883,411458_156_161900_536,411458_156_161900_536-1
-76.86420511184308,39.11939581827764,-76.86417711289302,39.11938248642096,31314202001,31314202001-1
-76.86967511716645,39.12250382504816,-76.86972811709819,39.12251382443571,411269_802_161612_74,411269_802_161612_74-1
-76.85788310826376,39.12629082097987,-76.85791777669915,39.12627115543278,31213302040,31213302040-1
-76.87304012097384,39.133698826144325,-76.87303245352646,39.13365615918196,31214102008,31214102008-1
-76.8770031146603,39.13547882679121,-76.87700311644362,39.13543482634778,410634_186_163052_259,410634_186_163052_259-1
-76.87222211623228,39.134421822438185,-76.87217978363347,39.1344304901268,411047_703_162935_485,411047_703_162935_485-1
-76.87471711857414,39.134292828971134,-76.87477956123536,39.13421700522281,410832_008_162920_866,410832_008_162920_866-1
-76.86758011161186,39.12351482503394,-76.86754244652447,39.12352482451403,411450_801_161725_235,411450_801_161725_235-1
-76.86777511443213,39.1245828193013,-76.8677331151252,39.12460415409797,411433_767_161843_772,411433_767_161843_772-1
-76.87764812238677,39.13391482715088,-76.87766512163024,39.13393582649146,410578_653_162878_559,410578_653_162878_559-1
-76.87544511737906,39.13559382509704,-76.87548945146318,39.13558382526741,410768_869_163065_208,410768_869_163065_208-1
-76.86576111776532,39.12056182526528,-76.86577678370746,39.12059315781522,31314202042,31314202042-1
-76.87178211560337,39.13317682619026,-76.87179644984022,39.13313649252956,411085_939_162797_327,411085_939_162797_327-1
-76.86916911956608,39.12212181993262,-76.86919878528253,39.12215582099138,411313_618_161570_395,411313_618_161570_395-1
-76.85518311726605,39.1258498203056,-76.85516407625528,39.12593867022777,412522_382_161986_078,412522_382_161986_078-1
-76.85496410807164,39.127655820651285,-76.85497846786227,39.127663495163134,31213302048_LEG1_SEC_0,PROTDEV_10173632
-76.86306911765693,39.12498882608836,-76.86225011303073,39.12513482184546,411840_63_161889_444_SEC_0,411911_425_161905_758
-76.87042811178247,39.12635082433142,-76.87028911524388,39.1254748200774,411204_082_162039_715_SEC_0,411216_239_161942_484
-76.8754391190036,39.13352482683959,-76.87576512481265,39.132833824145074,410769_701_162835_522_SEC_0,410741_619_162758_773
-76.86311311794017,39.122767825666536,-76.86121010912936,39.121947819308325,411837_195_161642_878_SEC_0,412001_892_161552_095
-76.87304012315177,39.13660582400249,-76.87330811731337,39.137561826102086,410976_642_163177_84_SEC_0,410953_325_163283_937
-76.8707651152046,39.12859582874827,-76.8687211225257,39.12877382384696,411174_589_162288_899_SEC_0,411351_296_162308_911
-76.85677311017636,39.12117482356649,-76.85592310690896,39.12092282024408,412385_711_161466_875_SEC_0,412459_259_161439_015
-76.85593369410537,39.1290308881485,-76.85594611254355,39.12902082353843,PROTDEV_10173432_SEC_0,31213302018_LEG2
-76.8616271144765,39.12378382488667,-76.86453211816904,39.123459825123525,411965_523_161755_861_SEC_0,411714_376_161719_516
-76.85601111434204,39.12905282751444,-76.8560004294466,39.12906351580828,31213302017_LEG1_SEC_0,PROTDEV_10173457
-76.86747212253641,39.131289827273946,-76.86723511933727,39.13201382304122,411458_886_162588_377_SEC_0,411479_261_162668_78
-76.86976311350756,39.12796982154825,-76.87054112235504,39.12750781996504,411261_327_162219_527_SEC_0,411194_128_162168_143
-76.85265011046404,39.12395682438833,-76.85266810932846,39.12396582793417,31313102018_LEG2_SEC_0,TIEPOINT_10173572
-76.86788911408313,39.131089826680686,-76.86747212253641,39.131289827273946,411422_864_162566_122_SEC_0,411458_886_162588_377
-76.87332511325381,39.12899682795884,-76.87382412099568,39.12863282438068,410953_175_162333_105_SEC_0,410910_084_162292_636
-76.8697921159904,39.130080825638544,-76.86845811189798,39.12981382748416,411258_485_162453_873_SEC_0,411373_871_162424_398
-76.8604151181721,39.1227368268025,-76.8609291100297,39.12238582178297,412070_504_161639_79_SEC_0,412026_117_161600_756
-76.86795511194381,39.12663482282554,-76.8673361120215,39.12779882242872,411417_873_162071_549_SEC_0,411471_209_162200_846
-76.86923411520851,39.132155828120695,-76.86827111534491,39.13258882349293,411306_402_162684_295_SEC_0,411389_595_162732_483
-76.86859411334906,39.13133282421585,-76.86923411520851,39.132155828120695,411361_869_162593_01_SEC_0,411306_402_162684_295
-76.87479311906674,39.13065482770666,-76.87492112125344,39.13018482279998,410825_991_162516_99_SEC_0,410814_995_162464_798
-76.87028911524388,39.1254748200774,-76.870211112383,39.12497981968584,411216_239_161942_484_SEC_0,411223_062_161887_542
-76.85713811049612,39.12221482209013,-76.85783011597917,39.1221908196889,412353_967_161582_279_SEC_0,412294_131_161579_521
-76.86297411241705,39.12171282397199,-76.86311311794017,39.122767825666536,411849_391_161525_777_SEC_0,411837_195_161642_878
-76.86720311947691,39.12639582144181,-76.86795511194381,39.12663482282554,411482_935_162045_111_SEC_0,411417_873_162071_549
-76.86742211554302,39.12864582730806,-76.8672921162834,39.1293118254969,411463_636_162294_864_SEC_0,411474_769_162368_815
-76.85503511158983,39.12757382820563,-76.85504958614092,39.12758193523167,31213302046_LEG1_SEC_0,PROTDEV_10173612
-76.86405411553613,39.12196482689565,-76.86255811013913,39.12228982716116,411755_957_161553_613_SEC_0,411885_268_161589_886
-76.86255811013913,39.12228982716116,-76.8626221196079,39.12198982056238,411885_268_161589_886_SEC_0,411879_783_161556_573
-76.8671421178401,39.12997782779002,-76.8672921162834,39.1293118254969,411487_631_162442_769_SEC_0,411474_769_162368_815
-76.87145812166335,39.1300778273064,-76.87028011366124,39.12941382536052,411114_436_162453_336_SEC_0,411216_396_162379_767
-76.85924310803125,39.121796824250005,-76.85962111312678,39.12238482084451,412172_012_161535_593_SEC_0,412139_224_161600_818
-76.86349511864927,39.12355282693039,-76.86453211816904,39.123459825123525,411804_032_161729_974_SEC_0,411714_376_161719_516
-76.87894911940712,39.131935823220296,-76.87833112324138,39.13165882035788,410466_461_162658_713_SEC_0,410519_935_162628_033
-76.86899911440386,39.13337682341714,-76.86855711349752,39.13400482902216,411326_526_162819_871_SEC_0,411364_641_162889_643
-76.87028011366124,39.12941382536052,-76.8707651152046,39.12859582874827,411216_396_162379_767_SEC_0,411174_589_162288_899
-76.8673361120215,39.12779882242872,-76.86742211554302,39.12864582730806,411471_209_162200_846_SEC_0,411463_636_162294_864
-76.85711111038081,39.1227028215868,-76.85924310803125,39.121796824250005,412356_217_161636_457_SEC_0,412172_012_161535_593
-76.87269611579968,39.13050482091258,-76.87333312302876,39.12966182878856,411007_328_162500_588_SEC_0,410952_38_162406_928
-76.8687211225257,39.12877382384696,-76.86976311350756,39.12796982154825,411351_296_162308_911_SEC_0,411261_327_162219_527
-76.8755851232993,39.13194182216717,-76.87494211643735,39.13219482794694,410757_317_162659_77_SEC_0,410812_874_162687_933
-76.85635011259693,39.12141882656913,-76.85677311017636,39.12117482356649,412422_247_161494_02_SEC_0,412385_711_161466_875
-76.86809211513103,39.13367682383023,-76.8678991209171,39.133117827297234,411404_897_162853_288_SEC_0,411421_673_162791_256
-76.86845811189798,39.12981382748416,-76.8671421178401,39.12997782779002,411373_871_162424_398_SEC_0,411487_631_162442_769
-76.87353111907915,39.13563982389086,-76.87393111758071,39.13604582699939,410934_341_163070_542_SEC_0,410899_696_163115_566
-76.8704971144427,39.13102082694124,-76.87031511445119,39.13034382434543,411197_38_162558_139_SEC_0,411213_223_162483_005
-76.87494211643735,39.13219482794694,-76.87421112093551,39.1329198228165,410812_874_162687_933_SEC_0,410875_966_162768_504
-76.87333312302876,39.12966182878856,-76.87332511325381,39.12899682795884,410952_38_162406_928_SEC_0,410953_175_162333_105
-76.86225011303073,39.12513482184546,-76.86197311981545,39.12479282486757,411911_425_161905_758_SEC_0,411935_434_161867_828
-76.86486411637813,39.12198382461752,-76.86571811181328,39.1221538222824,411685_91_161555_618_SEC_0,411612_034_161574_381
-76.86947712289603,39.13475282950134,-76.87012211580814,39.135132824174654,411284_979_162972_567_SEC_0,411229_154_163014_672
-76.87054112235504,39.12750781996504,-76.870211112383,39.12497981968584,411194_128_162168_143_SEC_0,411223_062_161887_542
-76.86224411634802,39.12067282048451,-76.8626221196079,39.12198982056238,411912_691_161410_418_SEC_0,411879_783_161556_573
-76.87436512203848,39.12954882711462,-76.87382412099568,39.12863282438068,410863_166_162394_26_SEC_0,410910_084_162292_636
-76.86953911999238,39.12712482666231,-76.87042811178247,39.12635082433142,411280_829_162125_749_SEC_0,411204_082_162039_715
-76.8609291100297,39.12238582178297,-76.85592310690896,39.12092282024408,412026_117_161600_756_SEC_0,412459_259_161439_015
-76.87330811731337,39.137561826102086,-76.87325912373433,39.13687882951732,410953_325_163283_937_SEC_0,410957_666_163208_121
-76.86358411966064,39.12109282508996,-76.86359011436228,39.12074081951986,411796_744_161456_87_SEC_0,411796_284_161417_792
-76.86970111716876,39.13095882600454,-76.8704971144427,39.13102082694124,411266_214_162551_354_SEC_0,411197_38_162558_139
-76.8623771107852,39.12393682507502,-76.8604151181721,39.1227368268025,411900_644_161772_748_SEC_0,412070_504_161639_79
-76.85783011597917,39.1221908196889,-76.85711111038081,39.1227028215868,412294_131_161579_521_SEC_0,412356_217_161636_457
-76.87031511445119,39.13034382434543,-76.87145812166335,39.1300778273064,411213_223_162483_005_SEC_0,411114_436_162453_336
-76.86357611276439,39.12166182068513,-76.86121010912936,39.121947819308325,411797_342_161520_037_SEC_0,412001_892_161552_095
-76.8559301072958,39.12900882331927,-76.85591830233011,39.129018636459726,31213302018_LEG1_SEC_0,PROTDEV_10173437
-76.86723511933727,39.13201382304122,-76.8678991209171,39.133117827297234,411479_261_162668_78_SEC_0,411421_673_162791_256
-76.87492112125344,39.13018482279998,-76.87436512203848,39.12954882711462,410814_995_162464_798_SEC_0,410863_166_162394_26
-76.86197311981545,39.12479282486757,-76.85962111312678,39.12238482084451,411935_434_161867_828_SEC_0,412139_224_161600_818
-76.87418412097635,39.13486382829169,-76.87353111907915,39.13563982389086,410878_003_162984_318_SEC_0,410934_341_163070_542
-76.86708811778705,39.127020823648856,-76.86720311947691,39.12639582144181,411492_778_162114_509_SEC_0,411482_935_162045_111
-76.86126511399208,39.12473082500777,-76.86058210848357,39.124546820059685,411996_666_161861_038_SEC_0,412055_757_161840_701
-76.86317211879869,39.12387382657746,-76.8623771107852,39.12393682507502,411831_909_161765_651_SEC_0,411900_644_161772_748
-76.86058210848357,39.124546820059685,-76.8616271144765,39.12378382488667,412055_757_161840_701_SEC_0,411965_523_161755_861
-76.87054478461224,39.13638282557182,-76.87052045132063,39.1363928257444,411190_312_163152_274-1,31214100006-XFO
-76.87099745283535,39.13579816098987,-76.8709727854909,39.13580949338533,411151_239_163087_165-1,31214100035-XFO
-76.85832911226991,39.12640749277036,-76.85835211295304,39.12643415855777,31213302039-1,31213300003-XFO
-76.86417711289302,39.11938248642096,-76.86414911395345,39.11936915456659,31314202001-1,31314200007-XFO
-76.86058210848357,39.124546820059685,-76.8604932600413,39.12448915903393,412055_757_161840_701,31214400019-XFO
-76.8754391190036,39.13352482683959,-76.87553255630182,39.13357791747235,410769_701_162835_522,31214100022-XFO
-76.87421112093551,39.1329198228165,-76.87411211829122,39.13287325158683,410875_966_162768_504,31214100015-XFO
-76.8677331151252,39.12460415409797,-76.86769111580465,39.124625488879495,411433_767_161843_772-1,31214400020-XFO
-76.8673361120215,39.12779882242872,-76.86745158331539,39.127793798959786,411471_209_162200_846,31214400010-XFO
-76.87439012243398,39.13082848980372,-76.87435212067186,39.13083415723144,410857_524_162535_683-1,31214300004-XFO
-76.85791777669915,39.12627115543278,-76.85795244511536,39.12625148987534,31213302040-1,31213300002-XFO
-76.8609291100297,39.12238582178297,-76.86097312372246,39.12246912168272,412026_117_161600_756,31314200038-XFO
-76.87532945330302,39.13463149433786,-76.87530478636711,39.134643159868425,31214102001-1,31214100019-XFO
-76.86754244652447,39.12352482451403,-76.8675047814265,39.12353482397295,411450_801_161725_235-1,31314200011-XFO
-76.86720311947691,39.12639582144181,-76.86713500354287,39.12632302469471,411482_935_162045_111,31214400008-XFO
-76.86297411241705,39.12171282397199,-76.8629368867684,39.12179810855283,411849_391_161525_777,31314200070-XFO
-76.86409078083788,39.12343949208312,-76.86406844803007,39.12341815779868,411750_608_161719_681-1,31314200001-XFO
-76.87304111542808,39.13216682333009,-76.87300211699466,39.13218182415641,410973_872_162683_381-1,31214100009-XFO
-76.8604151181721,39.1227368268025,-76.86052448618875,39.1227075573368,412070_504_161639_79,31314200037-XFO
-76.86571811181328,39.1221538222824,-76.86575236327276,39.122239859820446,411612_034_161574_381,31314200067-XFO
-76.86845811189798,39.12981382748416,-76.86848079427786,39.12972549769213,411373_871_162424_398,31214300027-XFO
-76.86424378553761,39.12093882513199,-76.8642704503535,39.12097682408906,31314202003-1,31314200003-XFO
-76.85713811049612,39.12221482209013,-76.8572087425243,39.12228614691568,412353_967_161582_279,31313100037-XFO
-76.87760312081394,39.13550582099794,-76.87771173103482,39.13553679674197,410582_307_163055_186,31215200045-XFO
-76.87612079001708,39.13492649505108,-76.8761784548948,39.134911160247256,410715_536_162992_755-1,31214100002-XFO
-76.87436512203848,39.12954882711462,-76.87445202274421,39.12948938707189,410863_166_162394_26,31214300017-XFO
-76.8657351101476,39.12094782202927,-76.8658436727998,39.12091679245326,411610_761_161440_497,31314200065-XFO
-76.8704971144427,39.13102082694124,-76.87045301563502,39.13110410105784,411197_38_162558_139,31214300009-XFO
-76.86970111716876,39.13095882600454,-76.86960212020924,39.13091225094279,411266_214_162551_354,31214300006-XFO
-76.86317211879869,39.12387382657746,-76.86321618459606,39.12379054314413,411831_909_161765_651,31314200032-XFO
-76.85757511519101,39.128442820733405,-76.85763724146992,39.12851879955829,412315_099_162273_61,31213300006-XFO
-76.86742211554302,39.12864582730806,-76.86753759528364,39.12864090344517,411463_636_162294_864,31214400011-XFO
-76.86311311794017,39.122767825666536,-76.86322714146003,39.12278284864139,411837_195_161642_878,31314200072-XFO
-76.86577678370746,39.12059315781522,-76.86579244966337,39.12062449036282,31314202042-1,31314200004-XFO
-76.8626221196079,39.12198982056238,-76.86250882545879,39.12197176189339,411879_783_161556_573,31314200071-XFO
-76.87494211643735,39.13219482794694,-76.87484246917866,39.13214909958054,410812_874_162687_933,31214100031-XFO
-76.86121010912936,39.121947819308325,-76.86116481716863,39.1220307023149,412001_892_161552_095,31314200074-XFO
-76.86788911408313,39.131089826680686,-76.86794029052774,39.13100904593892,411422_864_162566_122,31214300008-XFO
-76.85924310803125,39.121796824250005,-76.8591749209798,39.12186957820368,412172_012_161535_593,31314200042-XFO
-76.87041212141074,39.13228982448303,-76.87041511958587,39.13225182477733,411204_782_162703_244-1,31214100034-XFO
-76.87833112324138,39.13165882035788,-76.87821782187433,39.13167691023296,410519_935_162628_033,31215200030-XFO
-76.86827111534491,39.13258882349293,-76.86820290979759,39.13251607439832,411389_595_162732_483,31214100018-XFO
-76.87020011915881,39.12381781951903,-76.87010287539148,39.12376906713147,411224_196_161758_546,31314100009-XFO
-76.8680027802774,39.12406815418039,-76.86796444838895,39.12406448885595,411410_848_161787_011-1,31314100005-XFO
-76.87766512163024,39.13393582649146,-76.87768212088376,39.13395682582948,410578_653_162878_559-1,31215200015-XFO
-76.86859411334906,39.13133282421585,-76.86864551882616,39.13125213167017,411361_869_162593_01,31214300007-XFO
-76.87894911940712,39.131935823220296,-76.87904808853732,39.1318892105488,410466_461_162658_713,31215200021-XFO
-76.87179644984022,39.13313649252956,-76.87181078404926,39.1330961588577,411085_939_162797_327-1,31214100013-XFO
-76.85981011542503,39.12728482526365,-76.85988119091662,39.12735588526596,412122_045_162144_758,31214400004-XFO
-76.87840145229089,39.13298115716673,-76.87842278629385,39.1330134910671,410515_508_162771_235-1,31215200016-XFO
-76.87304012315177,39.13660582400249,-76.87293075440307,39.13657650798454,410976_642_163177_84,31214100028-XFO
-76.870211112383,39.12497981968584,-76.87032647431866,39.12498613723032,411223_062_161887_542,31214300030-XFO
-76.8671421178401,39.12997782779002,-76.86705328250027,39.13003550739346,411487_631_162442_769,31214400013-XFO
-76.86747212253641,39.131289827273946,-76.86741380609423,39.13136761745001,411458_886_162588_377,31214400006-XFO
-76.86126511399208,39.12473082500777,-76.8613640968844,39.124777407182535,411996_666_161861_038,31214400018-XFO
-76.86795511194381,39.12663482282554,-76.86796329072585,39.12654496912838,411417_873_162071_549,31214300026-XFO
-76.86650311557297,39.120711489408784,-76.86653511571335,39.12075915616784,411547_161_161408_876-1,31314200013-XFO
-76.86723511933727,39.13201382304122,-76.86711976148096,39.132007336277006,411479_261_162668_78,31214200002-XFO
-76.86899911440386,39.13337682341714,-76.86910290546126,39.13341657200224,411326_526_162819_871,31214100023-XFO
-76.86953911999238,39.12712482666231,-76.8695440745535,39.12721482319311,411280_829_162125_749,31214300025-XFO
-76.86486411637813,39.12198382461752,-76.86484344065421,39.122072452521046,411685_91_161555_618,31314200066-XFO
-76.87330811731337,39.137561826102086,-76.87340712596018,39.13760839795605,410953_325_163283_937,31214100029-XFO
-76.87548945146318,39.13558382526741,-76.87553378552327,39.135573825429965,410768_869_163065_208-1,31214100012-XFO
-76.86255811013913,39.12228982716116,-76.86247990356796,39.12235618366063,411885_268_161589_886,31314200073-XFO
-76.86521311589792,39.11980382600269,-76.86530467732078,39.11985884574107,411656_088_161313_565,31314200016-XFO
-76.8707651152046,39.12859582874827,-76.87088064505645,39.12859997741451,411174_589_162288_899,31214300021-XFO
-76.86923411520851,39.132155828120695,-76.86933510020025,39.13219974032168,411306_402_162684_295,31214100017-XFO
-76.87045911955214,39.12324449159049,-76.87049511842513,39.12322515742047,411205_161697_018-1,31314100004-XFO
-76.87162278177489,39.13509349460006,-76.87160745002917,39.13506616010147,411098_086_163013_155-1,31214100010-XFO
-76.86357611276439,39.12166182068513,-76.86360178820595,39.12157398965712,411797_342_161520_037,31314200069-XFO
-76.87492112125344,39.13018482279998,-76.87503602314086,39.1301745586913,410814_995_162464_798,31214300016-XFO
-76.87303245352646,39.13365615918196,-76.87302478608831,39.13361349221866,31214102008-1,31214100004-XFO
-76.86976311350756,39.12796982154825,-76.86973770581143,39.12788194303079,411261_327_162219_527,31214300023-XFO
-76.87382412099568,39.12863282438068,-76.87393965169254,39.128628689043865,410910_084_162292_636,31214300020-XFO
-76.87042811178247,39.12635082433142,-76.87053842929592,39.12637785936873,411204_082_162039_715,31214300028-XFO
-76.8623771107852,39.12393682507502,-76.86226175583168,39.12393044931014,411900_644_161772_748,31314200033-XFO
-76.87586611447098,39.134008824767065,-76.8758706170286,39.13401032500245,410732_71_162889_202,31214100001-XFO
-76.87031511445119,39.13034382434543,-76.8704291128861,39.13035901779727,411213_223_162483_005,31214300014-XFO
-76.87054112235504,39.12750781996504,-76.87065511721438,39.12749263107844,411194_128_162168_143,31214300024-XFO
-76.86405411553613,39.12196482689565,-76.86406367571549,39.1220545978899,411755_957_161553_613,31314200068-XFO
-76.86225011303073,39.12513482184546,-76.86223700785169,39.125224320875816,411911_425_161905_758,31214400016-XFO
-76.86855711349752,39.13400482902216,-76.8686619907272,39.13396684769639,411364_641_162889_643,31214100024-XFO
-76.86884712021883,39.12310282129957,-76.86889625611438,39.123184365138286,411341_306_161679_339,31314100006-XFO
-76.86359011436228,39.12074081951986,-76.86350950051319,39.120676236008464,411796_284_161417_792,31314200040-XFO
-76.87619612350971,39.137234826054765,-76.87619614032077,39.13732490505734,410703_692_163247_293,31214100039-XFO
-76.87028911524388,39.1254748200774,-76.87039600668096,39.12544043694388,411216_239_161942_484,31214300029-XFO
-76.87125611809446,39.13190315955953,-76.8712451180332,39.131876492263125,411130_661_162658_956-1,31214100008-XFO
-76.86349511864927,39.12355282693039,-76.86351784477019,39.12346450413311,411804_032_161729_974,31314200043-XFO
-76.86437211309047,39.1290498203136,-76.86446944557294,39.12909847387279,411727_29_162340_1,31214400001-XFO
-76.86392078502303,39.12447549312182,-76.86395845015305,39.12448715844056,411770_33_161831_057-1,31214400007-XFO
-76.8687211225257,39.12877382384696,-76.86860546966632,39.12877383739704,411351_296_162308_911,31214300022-XFO
-76.86453211816904,39.123459825123525,-76.86464764226407,39.12346392991226,411714_376_161719_516,31314200031-XFO
-76.87012211580814,39.135132824174654,-76.87021968328419,39.13518120150669,411229_154_163014_672,31214100040-XFO
-76.85635011259693,39.12141882656913,-76.85635500135662,39.1213288277407,412422_247_161494_02,31313100038-XFO
-76.85536911138507,39.126311823830086,-76.85537697381199,39.12622195299341,412506_218_162037_341,31213300016-XFO
-76.86197311981545,39.12479282486757,-76.86198627569489,39.12470333034846,411935_434_161867_828,31214400017-XFO
-76.86358411966064,39.12109282508996,-76.86356468612709,39.12118162336805,411796_744_161456_87,31314200041-XFO
-76.87269611579968,39.13050482091258,-76.87261096690939,39.130443861297564,411007_328_162500_588,31214300011-XFO
-76.85580510823114,39.12894082187608,-76.85568945509922,39.12894082818511,412468_057_162329_135,31213300011-XFO
-76.87576512481265,39.132833824145074,-76.8757473686782,39.132744812889406,410741_619_162758_773,31214100036-XFO
-76.87225778402777,39.13102282441538,-76.87220745113326,39.13103382460401,411040_797_162556_919-1,31214300001-XFO
-76.86224411634802,39.12067282048451,-76.86227673055822,39.12058639791313,411912_691_161410_418,31314200075-XFO
-76.87217978363347,39.1344304901268,-76.87213745102436,39.13443915780911,411047_703_162935_485-1,31214100005-XFO
-76.8674401139654,39.12510315876883,-76.86738811516953,39.125112491268034,411458_156_161900_536-1,31214400002-XFO
-76.86972811709819,39.12251382443571,-76.86978111704485,39.12252382379928,411269_802_161612_74-1,31314100008-XFO
-76.86426511174824,39.12215748789486,-76.86429411349161,39.12218515558281,411740_192_161571_906-1,31314200002-XFO
-76.86553011000166,39.12172082003652,-76.86564385020944,39.12170455322576,411628_362_161526_336,31314200023-XFO
-76.87028011366124,39.12941382536052,-76.87016976713782,39.12938685057966,411216_396_162379_767,31214300013-XFO
-76.8697921159904,39.130080825638544,-76.86981743286458,39.12999293113673,411258_485_162453_873,31214300015-XFO
-76.86708811778705,39.127020823648856,-76.86698440624258,39.126980964046496,411492_778_162114_509,31214400009-XFO
-76.8678991209171,39.133117827297234,-76.86778606446023,39.1330988224186,411421_673_162791_256,31214100021-XFO
-76.87479311906674,39.13065482770666,-76.8749050299861,39.130677564959896,410825_991_162516_99,31214300010-XFO
-76.86963578650362,39.13189716012836,-76.8696244519812,39.13185349257567,411270_727_162660_376-1,31214100016-XFO
-76.87333312302876,39.12966182878856,-76.87321821212826,39.12965163178678,410952_38_162406_928,31214300018-XFO
-76.87884412292998,39.13258182577224,-76.8789521726889,39.13261395934064,410475_444_162730_44,31215200004-XFO
-76.87804278525856,39.1334598278852,-76.8780684527341,39.13349082648136,410546_822_162824_564-1,31215200034-XFO
-76.85962111312678,39.12238482084451,-76.85956121320034,39.12246187433248,412139_224_161600_818,31314200035-XFO
-76.85677311017636,39.12117482356649,-76.85677312575035,39.1212649029227,412385_711_161466_875,31313100039-XFO
-76.85529311297063,39.12630882045843,-76.85526777308203,39.12622093013727,412512_79_162037_018,31213300015-XFO
-76.85711111038081,39.1227028215868,-76.85704891379619,39.12262688008713,412356_217_161636_457,31313100036-XFO
-76.86306911765693,39.12498882608836,-76.86318447905694,39.1249825026264,411840_63_161889_444,31214400015-XFO
-76.86846611632865,39.120991824102965,-76.8685634405827,39.12104047435943,411374_59_161445_038,31314100003-XFO
-76.87114011580715,39.132689823070464,-76.87120311693936,39.13267782411631,411146_968_162744_681-1,31214100007-XFO
-76.87332511325381,39.12899682795884,-76.87321110066614,39.128981709058685,410953_175_162333_105,31214300019-XFO
-76.87145812166335,39.1300778273064,-76.87157140408885,39.13009597945295,411114_436_162453_336,31214300012-XFO
-76.87700311644362,39.13543482634778,-76.87700311822694,39.13539082591287,410634_186_163052_259-1,31214100037-XFO
-76.86958711226482,39.133286823406856,-76.86969341154449,39.13325132280444,411275_702_162809_807,31214100033-XFO
-76.85765011759533,39.12841882464193,-76.85770093428596,39.12849974238366,412308_618_162270_936,31213300014-XFO
-76.87325912373433,39.13687882951732,-76.87336191757193,39.1369201276778,410957_666_163208_121,31214100030-XFO
-76.8672921162834,39.1293118254969,-76.86718101235155,39.129336842962594,411474_769_162368_815,31214400012-XFO
-76.87393111758071,39.13604582699939,-76.87397234620087,39.13596166485334,410899_696_163115_566,31214100027-XFO
-76.86809211513103,39.13367682383023,-76.8680042451746,39.133735397723314,411404_897_162853_288,31214100020-XFO
-76.87750311574115,39.13253982429553,-76.87740554701541,39.13249145289512,410591_395_162725_932,31215200041-XFO
-76.85783011597917,39.1221908196889,-76.85794575813662,39.12219079762959,412294_131_161579_521,31313100035-XFO
-76.87418311990182,39.13400215610939,-76.87423311950926,39.13398049070853,410882_541_162891_072-1,31214100014-XFO
-76.8755851232993,39.13194182216717,-76.87570002216947,39.13193151832956,410757_317_162659_77,31214100032-XFO
-76.8616271144765,39.12378382488667,-76.8616464887666,39.123695018716106,411965_523_161755_861,31314200034-XFO
-76.87418412097635,39.13486382829169,-76.87409068299507,39.13481073660115,410878_003_162984_318,31214100025-XFO
-76.87353111907915,39.13563982389086,-76.87343124217969,39.13559439401208,410934_341_163070_542,31214100026-XFO
-76.85592310690896,39.12092282024408,-76.85587903434725,39.121006100993945,412459_259_161439_015,31313100040-XFO
-76.86947712289603,39.13475282950134,-76.86957468392859,39.13480121407068,411284_979_162972_567,31214100038-XFO
-76.86426711827643,39.1224854891024,-76.86432011679813,39.12246215622107,411742_031_161613_983-1,31314200022-XFO
-76.86919878528253,39.12215582099138,-76.86922845103892,39.1221898220514,411313_618_161570_395-1,31314100002-XFO
-81.51796195706022,37.58985983020732,-81.51796145596731,37.58985733360807,SOURCE_7773,SOURCE_7773-1
